customer_id,rank,feature_name,feature_value,shap_value
CUST_0003,1,num_international_transactions,1.0,-0.298036
CUST_0003,2,num_unique_counterparties,9.0,-0.142544
CUST_0003,3,decline_rate,0.0,-0.085232
CUST_0005,1,num_international_transactions,0.0,-0.218694
CUST_0005,2,num_unique_counterparties,7.0,-0.15349
CUST_0005,3,num_unique_counterparties_6m,3.4018,-0.135072
CUST_0011,1,num_international_transactions,1.0,-0.348694
CUST_0011,2,num_unique_counterparties,9.0,-0.141535
CUST_0011,3,transaction_time_entropy,2.5153,-0.12583
CUST_0014,1,num_international_transactions,1.0,-0.206826
CUST_0014,2,num_unique_counterparties,5.0,-0.136857
CUST_0014,3,volume_deviation_ratio,0.085922,-0.086858
CUST_0016,1,num_international_transactions,0.0,-0.242495
CUST_0016,2,num_unique_counterparties,4.0,-0.147455
CUST_0016,3,avg_outflow,862.51,-0.08389
CUST_0019,1,top_counterparty_share,0.272727,-0.244623
CUST_0019,2,num_international_transactions,6.0,0.216395
CUST_0019,3,avg_outflow,3502.5675,-0.196532
CUST_0022,1,num_international_transactions,0.0,-0.469889
CUST_0022,2,decline_rate,0.013333,-0.091853
CUST_0022,3,volume_deviation_ratio,-0.193915,-0.088505
CUST_0023,1,num_international_transactions,0.0,-0.46865
CUST_0023,2,decline_rate,0.014493,-0.131377
CUST_0023,3,volume_deviation_ratio,-0.105872,-0.105509
CUST_0024,1,num_international_transactions,1.0,-0.344594
CUST_0024,2,decline_rate,0.012658,-0.164718
CUST_0024,3,volume_deviation_ratio,-0.153624,-0.093515
CUST_0025,1,num_international_transactions,0.0,-0.371486
CUST_0025,2,num_unique_counterparties,5.0,-0.149866
CUST_0025,3,pct_international_transactions,0.0,-0.075282
CUST_0027,1,num_international_transactions,0.0,-0.258663
CUST_0027,2,num_unique_counterparties,7.0,-0.175896
CUST_0027,3,num_unique_counterparties_6m,6.1767,-0.108904
CUST_0030,1,num_international_transactions,1.0,-0.278807
CUST_0030,2,volume_deviation_ratio,-0.229052,-0.102817
CUST_0030,3,decline_rate,0.0,-0.090249
CUST_0033,1,num_international_transactions,0.0,-0.265129
CUST_0033,2,num_unique_counterparties,8.0,-0.141535
CUST_0033,3,transaction_time_entropy,2.0265,-0.12583
CUST_0034,1,num_international_transactions,1.0,-0.329953
CUST_0034,2,transaction_time_entropy,1.5602,-0.120506
CUST_0034,3,decline_rate,0.0,-0.118586
CUST_0035,1,num_international_transactions,0.0,-0.234135
CUST_0035,2,num_unique_counterparties,8.0,-0.147455
CUST_0035,3,decline_rate,0.0,-0.080724
CUST_0036,1,num_international_transactions,0.0,-0.246366
CUST_0036,2,num_unique_counterparties,4.0,-0.175371
CUST_0036,3,avg_outflow,618.88,-0.078793
CUST_0039,1,transaction_time_entropy,2.3506,-0.205649
CUST_0039,2,num_unique_counterparties,19.0,0.122551
CUST_0039,3,volume_deviation_ratio,-0.143246,-0.114012
CUST_0041,1,num_international_transactions,0.0,-0.418261
CUST_0041,2,avg_inflow,7845.215,-0.183864
CUST_0041,3,declined_volume,12471.1,-0.150723
CUST_0043,1,num_international_transactions,0.0,-0.312956
CUST_0043,2,decline_rate,0.010417,-0.180684
CUST_0043,3,total_transactions,190.0,-0.110588
CUST_0047,1,num_international_transactions,0.0,-0.298751
CUST_0047,2,num_unique_counterparties,8.0,-0.141535
CUST_0047,3,transaction_time_entropy,2.305,-0.12583
CUST_0048,1,num_international_transactions,0.0,-0.46253
CUST_0048,2,decline_rate,0.0,-0.20288
CUST_0048,3,declined_volume,0.0,-0.112073
CUST_0052,1,num_international_transactions,11.0,0.295927
CUST_0052,2,avg_outflow,659.076667,-0.219633
CUST_0052,3,cash_volume,2200.0,-0.117409
CUST_0054,1,avg_outflow,4330.74,-0.207066
CUST_0054,2,decline_rate,0.0,-0.202702
CUST_0054,3,declined_volume,0.0,-0.126366
CUST_0057,1,num_international_transactions,1.0,-0.241853
CUST_0057,2,num_unique_counterparties,6.0,-0.187113
CUST_0057,3,volume_deviation_ratio,0.06739,-0.084499
CUST_0063,1,declined_volume,154.33,-0.171967
CUST_0063,2,avg_outflow,402.27,-0.168266
CUST_0063,3,transaction_time_entropy,2.3987,-0.159739
CUST_0067,1,num_international_transactions,1.0,-0.34331
CUST_0067,2,num_unique_counterparties,9.0,-0.129836
CUST_0067,3,decline_rate,0.0,-0.088768
CUST_0073,1,num_international_transactions,0.0,-0.237181
CUST_0073,2,num_unique_counterparties,6.0,-0.191261
CUST_0073,3,num_unique_counterparties_6m,6.2587,-0.108904
CUST_0080,1,num_unique_counterparties,8.0,-0.23092
CUST_0080,2,num_international_transactions,1.0,-0.22836
CUST_0080,3,num_unique_counterparties_6m,5.8638,-0.120966
CUST_0084,1,num_international_transactions,0.0,-0.26519
CUST_0084,2,num_unique_counterparties_6m,7.5044,-0.084968
CUST_0084,3,transaction_time_entropy,2.0186,-0.084132
CUST_0085,1,num_international_transactions,0.0,-0.413709
CUST_0085,2,num_unique_counterparties,7.0,-0.168758
CUST_0085,3,num_unique_counterparties_6m,5.7357,-0.108904
CUST_0089,1,num_international_transactions,0.0,-0.235621
CUST_0089,2,num_unique_counterparties,8.0,-0.139269
CUST_0089,3,transaction_time_entropy,2.2451,-0.084132
CUST_0094,1,num_international_transactions,0.0,-0.205054
CUST_0094,2,num_unique_counterparties,8.0,-0.136857
CUST_0094,3,transaction_time_entropy,2.2528,-0.084132
CUST_0099,1,num_international_transactions,1.0,-0.454304
CUST_0099,2,volume_deviation_ratio,0.012952,-0.10683
CUST_0099,3,volume_change_ratio,0.099745,-0.068578
CUST_0100,1,num_international_transactions,1.0,-0.452337
CUST_0100,2,num_unique_counterparties,9.0,-0.141535
CUST_0100,3,cash_volume,2700.0,-0.095729
CUST_0101,1,num_international_transactions,0.0,-0.534725
CUST_0101,2,decline_rate,0.012987,-0.162486
CUST_0101,3,count_deviation_ratio,0.054054,-0.07515
CUST_0104,1,max_transaction_amount,14900.0,-0.158186
CUST_0104,2,avg_outflow,749.266667,-0.152493
CUST_0104,3,volume_deviation_ratio,0.085346,-0.126231
CUST_0105,1,avg_outflow,3032.86,-0.264196
CUST_0105,2,num_international_transactions,17.0,0.238348
CUST_0105,3,top_counterparty_share,0.290909,-0.193558
CUST_0106,1,num_international_transactions,1.0,-0.3913
CUST_0106,2,volume_deviation_ratio,0.152195,-0.128192
CUST_0106,3,decline_rate,0.0,-0.127078
CUST_0109,1,transaction_time_entropy,2.4604,-0.211482
CUST_0109,2,avg_outflow,1882.343333,-0.120317
CUST_0109,3,count_deviation_ratio,0.021622,-0.100509
CUST_0110,1,num_international_transactions,1.0,-0.247218
CUST_0110,2,num_unique_counterparties,7.0,-0.139269
CUST_0110,3,transaction_time_entropy,1.861,-0.116823
CUST_0113,1,num_international_transactions,0.0,-0.249198
CUST_0113,2,num_unique_counterparties,5.0,-0.136857
CUST_0113,3,decline_rate,0.0,-0.079217
CUST_0116,1,num_international_transactions,10.0,0.248174
CUST_0116,2,cash_volume,1000.0,-0.203564
CUST_0116,3,decline_rate,0.0,-0.19146
CUST_0117,1,num_international_transactions,11.0,0.407348
CUST_0117,2,volume_deviation_ratio,3.166472,0.170907
CUST_0117,3,num_unique_counterparties,17.0,0.120262
CUST_0121,1,num_international_transactions,47.0,0.290639
CUST_0121,2,decline_rate,0.0,-0.233859
CUST_0121,3,volume_deviation_ratio,0.68106,0.204487
CUST_0122,1,num_international_transactions,1.0,-0.247942
CUST_0122,2,avg_inflow,9625.373333,-0.183985
CUST_0122,3,avg_outflow,500.633333,-0.103737
CUST_0123,1,num_international_transactions,0.0,-0.218815
CUST_0123,2,num_unique_counterparties,3.0,-0.139269
CUST_0123,3,transaction_time_entropy,2.1345,-0.084132
CUST_0125,1,num_international_transactions,0.0,-0.272981
CUST_0125,2,num_unique_counterparties,6.0,-0.239847
CUST_0125,3,num_unique_counterparties_6m,3.3496,-0.113262
CUST_0127,1,num_international_transactions,0.0,-0.469889
CUST_0127,2,decline_rate,0.012658,-0.113721
CUST_0127,3,declined_volume,462.04,-0.106728
CUST_0131,1,num_international_transactions,1.0,-0.421956
CUST_0131,2,decline_rate,0.010309,-0.180636
CUST_0131,3,declined_volume,185.41,-0.078622
CUST_0132,1,num_international_transactions,1.0,-0.244741
CUST_0132,2,num_unique_counterparties,5.0,-0.136857
CUST_0132,3,volume_deviation_ratio,-0.067351,-0.085824
CUST_0136,1,num_international_transactions,1.0,-0.425649
CUST_0136,2,num_unique_counterparties,9.0,-0.139269
CUST_0136,3,volume_deviation_ratio,-0.12471,-0.085076
CUST_0137,1,num_international_transactions,0.0,-0.257484
CUST_0137,2,num_unique_counterparties,7.0,-0.15349
CUST_0137,3,num_unique_counterparties_6m,3.9112,-0.100391
CUST_0146,1,transaction_time_entropy,2.5062,-0.298845
CUST_0146,2,num_unique_counterparties,8.0,-0.142624
CUST_0146,3,volume_deviation_ratio,0.166021,-0.129739
CUST_0150,1,avg_outflow,1585.23,-0.226037
CUST_0150,2,decline_rate,0.0,-0.195974
CUST_0150,3,volume_deviation_ratio,-0.042027,-0.156292
CUST_0152,1,num_international_transactions,0.0,-0.258658
CUST_0152,2,num_unique_counterparties,7.0,-0.141535
CUST_0152,3,transaction_time_entropy,1.9593,-0.12583
CUST_0156,1,num_international_transactions,0.0,-0.357675
CUST_0156,2,num_unique_counterparties,8.0,-0.149866
CUST_0156,3,decline_rate,0.0,-0.0982
CUST_0157,1,avg_outflow,307.65,-0.223027
CUST_0157,2,avg_corruption_index,75.0,-0.158122
CUST_0157,3,num_unique_counterparties_6m,7.9501,-0.134308
CUST_0158,1,avg_outflow,528.603333,-0.226037
CUST_0158,2,num_international_transactions,5.0,0.185314
CUST_0158,3,avg_corruption_index,72.8,-0.142336
CUST_0160,1,num_international_transactions,0.0,-0.248553
CUST_0160,2,num_unique_counterparties,5.0,-0.149866
CUST_0160,3,transaction_time_entropy,2.0875,-0.116823
CUST_0162,1,num_international_transactions,1.0,-0.229227
CUST_0162,2,num_unique_counterparties,7.0,-0.135523
CUST_0162,3,volume_deviation_ratio,-0.123575,-0.086858
CUST_0165,1,num_international_transactions,1.0,-0.368212
CUST_0165,2,num_unique_counterparties,7.0,-0.282095
CUST_0165,3,num_unique_counterparties_6m,5.7009,-0.13943
CUST_0167,1,avg_outflow,435.49,-0.250591
CUST_0167,2,avg_corruption_index,77.0,-0.243676
CUST_0167,3,num_international_transactions,5.0,0.179999
CUST_0169,1,num_international_transactions,1.0,-0.425649
CUST_0169,2,num_unique_counterparties,9.0,-0.149866
CUST_0169,3,declined_volume,170.0,-0.107407
CUST_0172,1,num_international_transactions,0.0,-0.273206
CUST_0172,2,num_unique_counterparties,9.0,-0.144956
CUST_0172,3,transaction_time_entropy,2.4939,-0.096559
CUST_0173,1,avg_outflow,366.506,-0.223201
CUST_0173,2,volume_deviation_ratio,-0.122703,-0.133891
CUST_0173,3,declined_volume,84.0,-0.117
CUST_0174,1,num_international_transactions,0.0,-0.243844
CUST_0174,2,num_unique_counterparties,6.0,-0.147455
CUST_0174,3,decline_rate,0.0,-0.084385
CUST_0175,1,num_international_transactions,1.0,-0.249723
CUST_0175,2,num_unique_counterparties,9.0,-0.136857
CUST_0175,3,volume_deviation_ratio,-0.049169,-0.088513
CUST_0178,1,num_international_transactions,1.0,-0.404609
CUST_0178,2,avg_inflow,11566.2,-0.123374
CUST_0178,3,num_unique_counterparties,11.0,-0.098293
CUST_0181,1,num_international_transactions,0.0,-0.302219
CUST_0181,2,num_unique_counterparties,9.0,-0.144956
CUST_0181,3,transaction_time_entropy,2.0611,-0.116823
CUST_0182,1,num_international_transactions,0.0,-0.234135
CUST_0182,2,num_unique_counterparties,6.0,-0.147455
CUST_0182,3,decline_rate,0.0,-0.080724
CUST_0184,1,avg_outflow,1982.083333,-0.289291
CUST_0184,2,avg_corruption_index,73.727273,-0.243676
CUST_0184,3,num_international_transactions,11.0,0.182694
CUST_0186,1,num_international_transactions,1.0,-0.214295
CUST_0186,2,num_unique_counterparties,7.0,-0.144956
CUST_0186,3,transaction_time_entropy,1.9986,-0.096559
CUST_0187,1,num_international_transactions,0.0,-0.213461
CUST_0187,2,num_unique_counterparties,7.0,-0.144033
CUST_0187,3,decline_rate,0.0,-0.086974
CUST_0188,1,num_international_transactions,10.0,0.343481
CUST_0188,2,avg_outflow,480.523333,-0.164583
CUST_0188,3,num_unique_counterparties,21.0,0.095063
CUST_0190,1,num_international_transactions,0.0,-0.208842
CUST_0190,2,num_unique_counterparties,5.0,-0.142544
CUST_0190,3,transaction_time_entropy,1.7712,-0.096559
CUST_0191,1,num_international_transactions,0.0,-0.391834
CUST_0191,2,num_unique_counterparties,7.0,-0.139269
CUST_0191,3,num_unique_counterparties_6m,3.0509,-0.091129
CUST_0192,1,num_international_transactions,0.0,-0.290646
CUST_0192,2,num_unique_counterparties,9.0,-0.149866
CUST_0192,3,transaction_time_entropy,2.1773,-0.116823
CUST_0198,1,num_international_transactions,1.0,-0.39244
CUST_0198,2,num_unique_counterparties,8.0,-0.277185
CUST_0198,3,num_unique_counterparties_6m,7.9225,-0.108904
CUST_0203,1,num_international_transactions,0.0,-0.321495
CUST_0203,2,num_unique_counterparties,8.0,-0.149866
CUST_0203,3,transaction_time_entropy,2.4324,-0.116823
CUST_0206,1,num_international_transactions,0.0,-0.285694
CUST_0206,2,num_unique_counterparties,7.0,-0.246918
CUST_0206,3,num_unique_counterparties_6m,2.1925,-0.108904
CUST_0209,1,num_international_transactions,0.0,-0.233047
CUST_0209,2,num_unique_counterparties,7.0,-0.136857
CUST_0209,3,decline_rate,0.0,-0.079217
CUST_0211,1,num_international_transactions,0.0,-0.244741
CUST_0211,2,num_unique_counterparties,6.0,-0.191261
CUST_0211,3,num_unique_counterparties_6m,4.2705,-0.108904
CUST_0212,1,num_international_transactions,0.0,-0.415144
CUST_0212,2,num_unique_counterparties,6.0,-0.188763
CUST_0212,3,num_unique_counterparties_6m,6.7121,-0.108904
CUST_0213,1,num_international_transactions,1.0,-0.207438
CUST_0213,2,declined_volume,110.56,-0.160349
CUST_0213,3,num_unique_counterparties,22.0,0.157508
CUST_0215,1,avg_outflow,4013.125,-0.272418
CUST_0215,2,declined_volume,464.48,-0.166307
CUST_0215,3,max_transaction_amount,46947.28,-0.158186
CUST_0216,1,num_international_transactions,0.0,-0.392758
CUST_0216,2,num_unique_counterparties,7.0,-0.149866
CUST_0216,3,volume_deviation_ratio,0.070134,-0.065281
CUST_0228,1,num_international_transactions,1.0,-0.404347
CUST_0228,2,num_unique_counterparties,8.0,-0.134359
CUST_0228,3,decline_rate,0.019608,-0.107326
CUST_0229,1,num_international_transactions,0.0,-0.391616
CUST_0229,2,num_unique_counterparties,6.0,-0.168758
CUST_0229,3,num_unique_counterparties_6m,5.8073,-0.108904
CUST_0230,1,num_international_transactions,0.0,-0.355506
CUST_0230,2,num_unique_counterparties,9.0,-0.144956
CUST_0230,3,decline_rate,0.0,-0.0982
CUST_0232,1,num_international_transactions,0.0,-0.330433
CUST_0232,2,num_unique_counterparties,7.0,-0.149866
CUST_0232,3,transaction_time_entropy,2.4741,-0.116823
CUST_0233,1,num_international_transactions,1.0,-0.244741
CUST_0233,2,num_unique_counterparties,4.0,-0.147455
CUST_0233,3,volume_deviation_ratio,-0.067841,-0.085824
CUST_0236,1,num_international_transactions,0.0,-0.234982
CUST_0236,2,num_unique_counterparties,6.0,-0.147455
CUST_0236,3,decline_rate,0.0,-0.081571
CUST_0238,1,num_international_transactions,0.0,-0.280515
CUST_0238,2,declined_volume,356.38,-0.104474
CUST_0238,3,volume_deviation_ratio,-0.139238,-0.09197
CUST_0240,1,num_international_transactions,7.0,0.316183
CUST_0240,2,avg_outflow,1838.93,-0.281069
CUST_0240,3,declined_volume,228.44,-0.171768
CUST_0241,1,num_international_transactions,12.0,0.282433
CUST_0241,2,cash_volume,500.0,-0.188112
CUST_0241,3,avg_corruption_index,73.166667,-0.129458
CUST_0245,1,num_international_transactions,0.0,-0.316401
CUST_0245,2,decline_rate,0.0125,-0.176133
CUST_0245,3,transaction_time_entropy,2.1861,-0.108274
CUST_0246,1,num_international_transactions,1.0,-0.322125
CUST_0246,2,decline_rate,0.0,-0.106775
CUST_0246,3,volume_deviation_ratio,-0.050603,-0.102817
CUST_0247,1,num_international_transactions,1.0,-0.186927
CUST_0247,2,num_unique_counterparties,8.0,-0.135204
CUST_0247,3,decline_rate,0.0,-0.098993
CUST_0249,1,num_international_transactions,0.0,-0.206826
CUST_0249,2,num_unique_counterparties,6.0,-0.139269
CUST_0249,3,transaction_time_entropy,2.4163,-0.084132
CUST_0251,1,num_international_transactions,0.0,-0.298765
CUST_0251,2,volume_deviation_ratio,-0.267748,-0.084147
CUST_0251,3,transaction_time_entropy,2.115,-0.084132
CUST_0252,1,num_international_transactions,1.0,-0.426001
CUST_0252,2,decline_rate,0.01,-0.168154
CUST_0252,3,total_transactions,99.0,-0.122904
CUST_0253,1,num_international_transactions,0.0,-0.276249
CUST_0253,2,num_unique_counterparties,8.0,-0.177089
CUST_0253,3,transaction_time_entropy,2.4675,-0.116823
CUST_0254,1,num_international_transactions,1.0,-0.327046
CUST_0254,2,num_unique_counterparties,8.0,-0.141535
CUST_0254,3,transaction_time_entropy,2.0674,-0.12583
CUST_0258,1,num_international_transactions,0.0,-0.196192
CUST_0258,2,num_unique_counterparties,6.0,-0.149866
CUST_0258,3,transaction_time_entropy,2.0978,-0.084132
CUST_0260,1,num_international_transactions,0.0,-0.418663
CUST_0260,2,decline_rate,0.0,-0.127039
CUST_0260,3,declined_volume,0.0,-0.112326
CUST_0263,1,num_international_transactions,0.0,-0.293898
CUST_0263,2,volume_deviation_ratio,0.004615,-0.090316
CUST_0263,3,transaction_time_entropy,2.4884,-0.084132
CUST_0266,1,num_international_transactions,1.0,-0.195784
CUST_0266,2,num_unique_counterparties,9.0,-0.129836
CUST_0266,3,volume_deviation_ratio,0.040283,-0.084169
CUST_0268,1,num_international_transactions,0.0,-0.249279
CUST_0268,2,num_unique_counterparties,8.0,-0.139269
CUST_0268,3,avg_outflow,2979.266667,-0.079007
CUST_0269,1,num_unique_counterparties,5.0,-0.264427
CUST_0269,2,num_international_transactions,0.0,-0.207918
CUST_0269,3,transaction_time_entropy,2.3814,-0.089125
CUST_0270,1,num_international_transactions,0.0,-0.337415
CUST_0270,2,num_unique_counterparties,9.0,-0.149866
CUST_0270,3,transaction_time_entropy,1.8968,-0.116823
CUST_0282,1,num_international_transactions,0.0,-0.387962
CUST_0282,2,decline_rate,0.012658,-0.158704
CUST_0282,3,transaction_time_entropy,2.1417,-0.157153
CUST_0284,1,num_international_transactions,0.0,-0.205951
CUST_0284,2,num_unique_counterparties,4.0,-0.191261
CUST_0284,3,num_unique_counterparties_6m,3.4071,-0.108904
CUST_0285,1,num_unique_counterparties,6.0,-0.28608
CUST_0285,2,num_international_transactions,0.0,-0.186862
CUST_0285,3,transaction_time_entropy,2.335,-0.077537
CUST_0286,1,num_international_transactions,0.0,-0.284848
CUST_0286,2,num_unique_counterparties,7.0,-0.144956
CUST_0286,3,transaction_time_entropy,2.2248,-0.116823
CUST_0287,1,num_international_transactions,0.0,-0.440798
CUST_0287,2,decline_rate,0.0,-0.219397
CUST_0287,3,volume_deviation_ratio,1.619444,0.129704
CUST_0288,1,num_international_transactions,0.0,-0.201816
CUST_0288,2,num_unique_counterparties,8.0,-0.136857
CUST_0288,3,transaction_time_entropy,2.0486,-0.084132
CUST_0290,1,num_international_transactions,0.0,-0.343634
CUST_0290,2,decline_rate,0.0,-0.150126
CUST_0290,3,num_unique_counterparties,9.0,-0.139269
CUST_0293,1,num_unique_counterparties,8.0,-0.182365
CUST_0293,2,num_international_transactions,2.0,0.132295
CUST_0293,3,max_transaction_amount,17663.44,-0.117825
CUST_0294,1,num_international_transactions,0.0,-0.288148
CUST_0294,2,num_unique_counterparties,8.0,-0.149866
CUST_0294,3,transaction_time_entropy,2.2683,-0.116823
CUST_0297,1,avg_outflow,1014.4,-0.256515
CUST_0297,2,cash_volume,0.0,-0.203564
CUST_0297,3,declined_volume,271.0,-0.171768
CUST_0298,1,avg_outflow,381.484,-0.281069
CUST_0298,2,avg_corruption_index,75.3,-0.243676
CUST_0298,3,num_international_transactions,10.0,0.219382
CUST_0299,1,avg_outflow,1364.385,-0.226037
CUST_0299,2,avg_corruption_index,82.0,-0.174068
CUST_0299,3,decline_rate,0.0,-0.156206
CUST_0300,1,decline_rate,0.009174,-0.213987
CUST_0300,2,avg_corruption_index,74.25,-0.163327
CUST_0300,3,volume_deviation_ratio,0.119642,-0.150895
CUST_0301,1,num_international_transactions,0.0,-0.254291
CUST_0301,2,num_unique_counterparties,7.0,-0.171503
CUST_0301,3,transaction_time_entropy,2.4338,-0.12583
CUST_0304,1,num_international_transactions,0.0,-0.45162
CUST_0304,2,decline_rate,0.0,-0.141875
CUST_0304,3,num_unique_counterparties_6m,6.8167,-0.095251
CUST_0305,1,num_international_transactions,0.0,-0.279486
CUST_0305,2,num_unique_counterparties_6m,6.7646,-0.13943
CUST_0305,3,num_unique_counterparties,7.0,-0.136905
CUST_0307,1,avg_outflow,486.31,-0.297421
CUST_0307,2,num_unique_counterparties,18.0,0.144281
CUST_0307,3,top_counterparty_share,0.266667,-0.117047
CUST_0312,1,num_international_transactions,0.0,-0.418795
CUST_0312,2,volume_deviation_ratio,-0.34519,-0.085569
CUST_0312,3,pct_international_transactions,0.0,-0.071204
CUST_0313,1,num_international_transactions,1.0,-0.355226
CUST_0313,2,num_unique_counterparties,9.0,-0.130698
CUST_0313,3,decline_rate,0.0,-0.099943
CUST_0317,1,num_international_transactions,5.0,0.313396
CUST_0317,2,top_counterparty_share,0.356643,-0.193558
CUST_0317,3,total_transactions,162.0,-0.183999
CUST_0319,1,num_international_transactions,1.0,-0.295987
CUST_0319,2,num_unique_counterparties,8.0,-0.142544
CUST_0319,3,volume_deviation_ratio,0.052084,-0.090686
CUST_0320,1,num_international_transactions,1.0,-0.398078
CUST_0320,2,num_unique_counterparties,8.0,-0.141535
CUST_0320,3,decline_rate,0.0,-0.094225
CUST_0321,1,num_international_transactions,0.0,-0.281371
CUST_0321,2,num_unique_counterparties,6.0,-0.15349
CUST_0321,3,transaction_time_entropy,2.0819,-0.116823
CUST_0322,1,num_international_transactions,0.0,-0.397137
CUST_0322,2,num_unique_counterparties,8.0,-0.144956
CUST_0322,3,decline_rate,0.0,-0.092482
CUST_0324,1,num_international_transactions,1.0,-0.359105
CUST_0324,2,transaction_time_entropy,2.4724,-0.113402
CUST_0324,3,volume_deviation_ratio,-0.126226,-0.102817
CUST_0325,1,num_international_transactions,0.0,-0.258674
CUST_0325,2,num_unique_counterparties,7.0,-0.171605
CUST_0325,3,num_unique_counterparties_6m,5.3935,-0.075151
CUST_0329,1,num_international_transactions,0.0,-0.473689
CUST_0329,2,volume_change_ratio,12.836749,0.179719
CUST_0329,3,cash_transaction_count,6.0,-0.125571
CUST_0332,1,num_international_transactions,1.0,-0.391262
CUST_0332,2,decline_rate,0.0,-0.1271
CUST_0332,3,volume_deviation_ratio,0.20636,-0.095919
CUST_0333,1,num_international_transactions,6.0,0.360266
CUST_0333,2,volume_deviation_ratio,0.729463,0.250926
CUST_0333,3,decline_rate,0.0,-0.17414
CUST_0335,1,avg_outflow,2462.69,-0.215009
CUST_0335,2,num_unique_counterparties,23.0,0.104853
CUST_0335,3,count_deviation_ratio,0.085714,-0.100509
CUST_0336,1,num_international_transactions,0.0,-0.383753
CUST_0336,2,num_unique_counterparties,7.0,-0.173668
CUST_0336,3,num_unique_counterparties_6m,7.1541,-0.108904
CUST_0338,1,num_international_transactions,0.0,-0.196192
CUST_0338,2,num_unique_counterparties,8.0,-0.139269
CUST_0338,3,transaction_time_entropy,2.0434,-0.084132
CUST_0339,1,num_international_transactions,0.0,-0.452337
CUST_0339,2,num_unique_counterparties,9.0,-0.141535
CUST_0339,3,cash_volume,900.0,-0.095729
CUST_0340,1,num_international_transactions,0.0,-0.241453
CUST_0340,2,num_unique_counterparties,5.0,-0.136857
CUST_0340,3,decline_rate,0.0,-0.080064
CUST_0341,1,num_international_transactions,0.0,-0.323171
CUST_0341,2,num_unique_counterparties,9.0,-0.251829
CUST_0341,3,num_unique_counterparties_6m,8.0459,-0.149049
CUST_0344,1,num_international_transactions,6.0,0.213829
CUST_0344,2,transaction_time_entropy,2.3849,-0.209811
CUST_0344,3,avg_outflow,1202.995,-0.181016
CUST_0347,1,num_international_transactions,0.0,-0.266376
CUST_0347,2,num_unique_counterparties,8.0,-0.144956
CUST_0347,3,transaction_time_entropy,2.3544,-0.129251
CUST_0348,1,num_international_transactions,0.0,-0.233047
CUST_0348,2,num_unique_counterparties,7.0,-0.147455
CUST_0348,3,decline_rate,0.0,-0.084385
CUST_0349,1,num_international_transactions,0.0,-0.377599
CUST_0349,2,declined_volume,603.06,-0.161342
CUST_0349,3,decline_rate,0.038961,-0.123499
CUST_0350,1,transaction_time_entropy,2.5228,-0.155997
CUST_0350,2,num_unique_counterparties,9.0,-0.154593
CUST_0350,3,max_transaction_amount,30824.3,-0.097538
CUST_0351,1,num_international_transactions,0.0,-0.287135
CUST_0351,2,num_unique_counterparties,5.0,-0.139123
CUST_0351,3,decline_rate,0.0,-0.083313
CUST_0352,1,num_international_transactions,0.0,-0.212614
CUST_0352,2,num_unique_counterparties,7.0,-0.139269
CUST_0352,3,transaction_time_entropy,2.0588,-0.084132
CUST_0356,1,avg_outflow,245.068,-0.270495
CUST_0356,2,cash_volume,0.0,-0.160516
CUST_0356,3,volume_deviation_ratio,0.028077,-0.124121
CUST_0357,1,num_international_transactions,1.0,-0.243741
CUST_0357,2,decline_rate,0.011628,-0.102455
CUST_0357,3,top_counterparty_share,0.285714,-0.072432
CUST_0364,1,num_international_transactions,0.0,-0.288623
CUST_0364,2,avg_outflow,660.943333,-0.086926
CUST_0364,3,volume_deviation_ratio,-0.219191,-0.083598
CUST_0366,1,num_international_transactions,9.0,0.268731
CUST_0366,2,transaction_time_entropy,2.0953,-0.213638
CUST_0366,3,declined_volume,510.0,-0.197115
CUST_0368,1,num_international_transactions,0.0,-0.310349
CUST_0368,2,declined_volume,647.62,-0.160488
CUST_0368,3,transaction_time_entropy,2.267,-0.096559
CUST_0370,1,avg_outflow,278.93,-0.270495
CUST_0370,2,num_international_transactions,5.0,0.236017
CUST_0370,3,declined_volume,210.0,-0.171967
CUST_0371,1,num_international_transactions,0.0,-0.278627
CUST_0371,2,num_unique_counterparties,7.0,-0.246918
CUST_0371,3,num_unique_counterparties_6m,6.6579,-0.142312
CUST_0375,1,num_international_transactions,0.0,-0.38367
CUST_0375,2,num_unique_counterparties,7.0,-0.168758
CUST_0375,3,num_unique_counterparties_6m,5.8749,-0.108904
CUST_0377,1,num_international_transactions,0.0,-0.212343
CUST_0377,2,num_unique_counterparties,6.0,-0.136857
CUST_0377,3,transaction_time_entropy,2.3127,-0.084132
CUST_0380,1,num_international_transactions,0.0,-0.240606
CUST_0380,2,num_unique_counterparties,5.0,-0.136857
CUST_0380,3,decline_rate,0.0,-0.079217
CUST_0384,1,num_international_transactions,0.0,-0.272015
CUST_0384,2,volume_change_ratio,0.96576,0.228659
CUST_0384,3,volume_deviation_ratio,1.005472,0.170533
CUST_0387,1,num_international_transactions,0.0,-0.405946
CUST_0387,2,num_unique_counterparties,8.0,-0.149866
CUST_0387,3,decline_rate,0.012048,-0.0982
CUST_0389,1,num_international_transactions,0.0,-0.348959
CUST_0389,2,declined_volume,64.0,-0.151816
CUST_0389,3,decline_rate,0.015152,-0.139654
CUST_0390,1,decline_rate,0.0125,-0.197782
CUST_0390,2,num_international_transactions,4.0,0.157167
CUST_0390,3,max_transaction_amount,46598.56,-0.117825
CUST_0392,1,num_unique_counterparties,8.0,-0.241911
CUST_0392,2,num_international_transactions,0.0,-0.197354
CUST_0392,3,transaction_time_entropy,2.0225,-0.077537
CUST_0396,1,avg_outflow,188.304,-0.289291
CUST_0396,2,num_international_transactions,5.0,0.279319
CUST_0396,3,volume_deviation_ratio,-0.12929,-0.134541
CUST_0397,1,num_international_transactions,0.0,-0.285172
CUST_0397,2,num_unique_counterparties,7.0,-0.188763
CUST_0397,3,num_unique_counterparties_6m,4.6676,-0.108904
CUST_0402,1,num_international_transactions,9.0,0.314015
CUST_0402,2,declined_volume,350.03,-0.196916
CUST_0402,3,avg_outflow,747.753333,-0.180867
CUST_0404,1,num_international_transactions,1.0,-0.459978
CUST_0404,2,num_unique_counterparties_6m,5.6185,-0.13943
CUST_0404,3,volume_deviation_ratio,0.289509,-0.085297
CUST_0405,1,num_international_transactions,0.0,-0.266079
CUST_0405,2,declined_volume,487.77,-0.155744
CUST_0405,3,decline_rate,0.02,-0.151801
CUST_0407,1,num_international_transactions,5.0,0.410932
CUST_0407,2,volume_deviation_ratio,1.0538,0.236134
CUST_0407,3,volume_change_ratio,0.704202,0.206121
CUST_0408,1,num_international_transactions,0.0,-0.363249
CUST_0408,2,transaction_time_entropy,2.4483,-0.116823
CUST_0408,3,num_unique_counterparties_6m,7.56,-0.113224
CUST_0410,1,decline_rate,0.012195,-0.250242
CUST_0410,2,num_international_transactions,3.0,0.141844
CUST_0410,3,declined_volume,239.88,-0.113743
CUST_0417,1,num_international_transactions,10.0,0.290508
CUST_0417,2,avg_outflow,3177.025,-0.22432
CUST_0417,3,declined_volume,343.0,-0.171706
CUST_0418,1,num_international_transactions,1.0,-0.244536
CUST_0418,2,num_unique_counterparties,5.0,-0.13237
CUST_0418,3,decline_rate,0.006211,-0.091768
CUST_0419,1,transaction_time_entropy,2.18,-0.20732
CUST_0419,2,declined_volume,0.0,-0.131338
CUST_0419,3,volume_deviation_ratio,-0.111837,-0.12975
CUST_0422,1,num_international_transactions,0.0,-0.305572
CUST_0422,2,num_unique_counterparties,9.0,-0.149866
CUST_0422,3,avg_outflow,2310.35,-0.075453
CUST_0430,1,num_international_transactions,1.0,-0.464587
CUST_0430,2,decline_rate,0.0,-0.129158
CUST_0430,3,volume_deviation_ratio,-0.030906,-0.095919
CUST_0433,1,transaction_time_entropy,2.4368,-0.385653
CUST_0433,2,num_international_transactions,19.0,0.294469
CUST_0433,3,decline_rate,0.013514,-0.14075
CUST_0436,1,num_international_transactions,0.0,-0.258332
CUST_0436,2,num_unique_counterparties,9.0,-0.147455
CUST_0436,3,avg_outflow,1297.72,-0.08389
CUST_0441,1,num_international_transactions,0.0,-0.333842
CUST_0441,2,num_unique_counterparties,8.0,-0.177089
CUST_0441,3,num_unique_counterparties_6m,5.6046,-0.117583
CUST_0446,1,num_international_transactions,3.0,0.247572
CUST_0446,2,volume_deviation_ratio,0.385487,0.166991
CUST_0446,3,avg_outflow,7114.005,0.121531
CUST_0447,1,num_international_transactions,6.0,0.183587
CUST_0447,2,avg_outflow,903.8225,-0.172118
CUST_0447,3,cash_volume,1500.0,-0.160457
CUST_0449,1,num_international_transactions,1.0,-0.296863
CUST_0449,2,avg_inflow,9482.3125,-0.179408
CUST_0449,3,num_unique_counterparties,13.0,0.084457
CUST_0452,1,num_international_transactions,1.0,-0.315695
CUST_0452,2,declined_volume,265.52,-0.156068
CUST_0452,3,top_counterparty_share,0.3,-0.120902
CUST_0456,1,num_international_transactions,0.0,-0.282832
CUST_0456,2,declined_volume,74.6,-0.115086
CUST_0456,3,pct_international_transactions,0.0,-0.092367
CUST_0463,1,num_international_transactions,0.0,-0.298751
CUST_0463,2,num_unique_counterparties,9.0,-0.144956
CUST_0463,3,transaction_time_entropy,2.1428,-0.129251
CUST_0464,1,num_international_transactions,0.0,-0.217967
CUST_0464,2,num_unique_counterparties,5.0,-0.147455
CUST_0464,3,decline_rate,0.0,-0.084385
CUST_0467,1,num_international_transactions,0.0,-0.284171
CUST_0467,2,num_unique_counterparties,9.0,-0.264905
CUST_0467,3,num_unique_counterparties_6m,4.3696,-0.112499
CUST_0469,1,num_international_transactions,0.0,-0.278773
CUST_0469,2,num_unique_counterparties,4.0,-0.136905
CUST_0469,3,transaction_time_entropy,1.8846,-0.116823
CUST_0472,1,num_international_transactions,0.0,-0.27093
CUST_0472,2,declined_volume,308.0,-0.111004
CUST_0472,3,transaction_time_entropy,2.2114,-0.096559
CUST_0474,1,num_international_transactions,0.0,-0.491365
CUST_0474,2,decline_rate,0.0,-0.177647
CUST_0474,3,declined_volume,0.0,-0.091583
CUST_0478,1,num_international_transactions,1.0,-0.355696
CUST_0478,2,transaction_time_entropy,1.968,-0.116823
CUST_0478,3,volume_deviation_ratio,0.147881,-0.099509
CUST_0479,1,num_international_transactions,1.0,-0.213727
CUST_0479,2,num_unique_counterparties,8.0,-0.15349
CUST_0479,3,transaction_time_entropy,2.2959,-0.084132
CUST_0483,1,num_international_transactions,0.0,-0.21367
CUST_0483,2,num_unique_counterparties,8.0,-0.135712
CUST_0483,3,transaction_time_entropy,2.3258,-0.084132
CUST_0487,1,num_international_transactions,0.0,-0.316207
CUST_0487,2,num_unique_counterparties,7.0,-0.127631
CUST_0487,3,count_deviation_ratio,0.118919,-0.087624
CUST_0494,1,avg_outflow,781.698,-0.289291
CUST_0494,2,num_international_transactions,10.0,0.24813
CUST_0494,3,volume_deviation_ratio,-0.290075,-0.150895
CUST_0495,1,num_international_transactions,0.0,-0.369804
CUST_0495,2,num_unique_counterparties,6.0,-0.227691
CUST_0495,3,volume_deviation_ratio,0.092592,-0.069295
CUST_0497,1,transaction_time_entropy,2.3664,-0.2296
CUST_0497,2,decline_rate,0.010309,-0.201604
CUST_0497,3,top_counterparty_share,0.281437,-0.177439
CUST_0501,1,num_international_transactions,0.0,-0.275247
CUST_0501,2,decline_rate,0.0,-0.115674
CUST_0501,3,volume_deviation_ratio,-0.120157,-0.08583
CUST_0503,1,num_international_transactions,9.0,0.404698
CUST_0503,2,volume_deviation_ratio,4.709349,0.18587
CUST_0503,3,max_transaction_amount,45448.67,-0.117825
CUST_0504,1,num_international_transactions,1.0,-0.201816
CUST_0504,2,num_unique_counterparties,7.0,-0.136857
CUST_0504,3,volume_deviation_ratio,0.008312,-0.084499
CUST_0506,1,num_international_transactions,0.0,-0.283964
CUST_0506,2,num_unique_counterparties,8.0,-0.233378
CUST_0506,3,avg_outflow,2877.15,-0.080318
CUST_0510,1,num_international_transactions,0.0,-0.388397
CUST_0510,2,num_unique_counterparties,6.0,-0.144956
CUST_0510,3,decline_rate,0.0,-0.094539
CUST_0511,1,num_international_transactions,5.0,0.379026
CUST_0511,2,volume_deviation_ratio,0.850355,0.166479
CUST_0511,3,volume_change_ratio,0.708995,0.143425
CUST_0512,1,num_unique_counterparties,9.0,-0.2738
CUST_0512,2,num_international_transactions,0.0,-0.224093
CUST_0512,3,avg_inflow,7238.14,-0.129029
CUST_0513,1,num_international_transactions,0.0,-0.272981
CUST_0513,2,num_unique_counterparties,7.0,-0.149866
CUST_0513,3,transaction_time_entropy,2.4761,-0.116823
CUST_0514,1,num_international_transactions,0.0,-0.272658
CUST_0514,2,num_unique_counterparties,9.0,-0.141535
CUST_0514,3,transaction_time_entropy,2.457,-0.12583
CUST_0516,1,num_international_transactions,1.0,-0.328813
CUST_0516,2,num_unique_counterparties,8.0,-0.28608
CUST_0516,3,transaction_time_entropy,2.481,-0.110229
CUST_0519,1,avg_outflow,224.68,-0.242369
CUST_0519,2,num_international_transactions,8.0,0.227916
CUST_0519,3,cash_volume,400.0,-0.163059
CUST_0520,1,num_international_transactions,1.0,-0.508954
CUST_0520,2,decline_rate,0.011905,-0.203783
CUST_0520,3,volume_deviation_ratio,-0.058679,-0.075038
CUST_0522,1,num_international_transactions,0.0,-0.365656
CUST_0522,2,declined_volume,560.77,-0.152068
CUST_0522,3,transaction_time_entropy,2.4832,-0.116823
CUST_0523,1,num_international_transactions,6.0,0.272443
CUST_0523,2,top_counterparty_share,0.4,-0.193558
CUST_0523,3,declined_volume,642.9,-0.151286
CUST_0524,1,num_unique_counterparties,8.0,-0.275027
CUST_0524,2,num_international_transactions,0.0,-0.237402
CUST_0524,3,num_unique_counterparties_6m,5.3468,-0.135072
CUST_0527,1,num_unique_counterparties,9.0,-0.186431
CUST_0527,2,max_transaction_amount,35115.22,-0.117825
CUST_0527,3,num_unique_counterparties_6m,7.6314,-0.113224
CUST_0530,1,num_international_transactions,0.0,-0.395505
CUST_0530,2,num_unique_counterparties_6m,6.9652,-0.120202
CUST_0530,3,count_deviation_ratio,0.04,-0.080506
CUST_0534,1,num_international_transactions,0.0,-0.233047
CUST_0534,2,num_unique_counterparties,5.0,-0.144033
CUST_0534,3,decline_rate,0.0,-0.086127
CUST_0535,1,num_international_transactions,1.0,-0.306137
CUST_0535,2,declined_volume,149.86,-0.104412
CUST_0535,3,volume_deviation_ratio,-0.010962,-0.103365
CUST_0536,1,num_international_transactions,0.0,-0.256757
CUST_0536,2,num_unique_counterparties,5.0,-0.147455
CUST_0536,3,decline_rate,0.0,-0.084385
CUST_0539,1,num_international_transactions,1.0,-0.25353
CUST_0539,2,num_unique_counterparties,8.0,-0.151168
CUST_0539,3,num_unique_counterparties_6m,6.6783,-0.113262
CUST_0540,1,num_international_transactions,0.0,-0.428679
CUST_0540,2,total_transactions,92.0,-0.122904
CUST_0540,3,volume_deviation_ratio,0.087431,-0.081573
CUST_0541,1,num_international_transactions,0.0,-0.240606
CUST_0541,2,num_unique_counterparties,6.0,-0.139269
CUST_0541,3,decline_rate,0.0,-0.081629
CUST_0544,1,num_international_transactions,0.0,-0.281764
CUST_0544,2,num_unique_counterparties,4.0,-0.139123
CUST_0544,3,avg_outflow,883.93,-0.085634
CUST_0546,1,num_international_transactions,5.0,0.430562
CUST_0546,2,num_unique_counterparties,12.0,0.153947
CUST_0546,3,declined_count,4.0,0.092561
CUST_0550,1,num_international_transactions,1.0,-0.316315
CUST_0550,2,avg_inflow,8801.56,-0.123166
CUST_0550,3,transaction_time_entropy,2.3672,-0.116823
CUST_0551,1,num_international_transactions,1.0,-0.310045
CUST_0551,2,decline_rate,0.0,-0.11235
CUST_0551,3,volume_deviation_ratio,-0.226392,-0.111188
CUST_0553,1,num_international_transactions,10.0,0.339783
CUST_0553,2,num_unique_counterparties,20.0,0.154567
CUST_0553,3,avg_outflow,14028.36,0.099887
CUST_0554,1,num_international_transactions,0.0,-0.401845
CUST_0554,2,num_unique_counterparties,7.0,-0.276346
CUST_0554,3,num_unique_counterparties_6m,5.205,-0.108904
CUST_0559,1,num_international_transactions,1.0,-0.261775
CUST_0559,2,num_unique_counterparties,7.0,-0.136905
CUST_0559,3,volume_deviation_ratio,-0.040547,-0.081191
CUST_0561,1,num_international_transactions,1.0,-0.388215
CUST_0561,2,transaction_time_entropy,1.9067,-0.116823
CUST_0561,3,decline_rate,0.012821,-0.115029
CUST_0562,1,decline_rate,0.014286,-0.171877
CUST_0562,2,num_international_transactions,4.0,0.148998
CUST_0562,3,volume_deviation_ratio,0.034495,-0.125179
CUST_0563,1,num_international_transactions,0.0,-0.289834
CUST_0563,2,top_counterparty_share,0.292683,-0.110273
CUST_0563,3,num_unique_counterparties_6m,10.2602,0.072627
CUST_0564,1,transaction_time_entropy,1.95,-0.385653
CUST_0564,2,decline_rate,0.0,-0.245371
CUST_0564,3,declined_volume,0.0,-0.116114
CUST_0565,1,avg_outflow,797.165,-0.28061
CUST_0565,2,num_international_transactions,5.0,0.258407
CUST_0565,3,declined_volume,457.54,-0.171768
CUST_0566,1,transaction_time_entropy,2.0851,-0.223971
CUST_0566,2,num_international_transactions,9.0,0.176475
CUST_0566,3,cash_volume,0.0,-0.157914
CUST_0568,1,num_international_transactions,0.0,-0.506896
CUST_0568,2,decline_rate,0.0,-0.198009
CUST_0568,3,declined_volume,0.0,-0.112073
CUST_0569,1,num_international_transactions,0.0,-0.252295
CUST_0569,2,num_unique_counterparties,4.0,-0.229631
CUST_0569,3,num_unique_counterparties_6m,2.0451,-0.096032
CUST_0570,1,num_international_transactions,0.0,-0.292983
CUST_0570,2,num_unique_counterparties,8.0,-0.172179
CUST_0570,3,num_unique_counterparties_6m,4.3035,-0.134308
CUST_0573,1,declined_volume,89.0,-0.197115
CUST_0573,2,transaction_time_entropy,2.4423,-0.163901
CUST_0573,3,num_international_transactions,6.0,0.162872
CUST_0574,1,num_international_transactions,0.0,-0.307814
CUST_0574,2,num_unique_counterparties,9.0,-0.201911
CUST_0574,3,num_unique_counterparties_6m,5.5018,-0.113262
CUST_0578,1,avg_outflow,3661.546667,-0.212566
CUST_0578,2,max_transaction_amount,37421.96,-0.158186
CUST_0578,3,avg_inflow,12252.076667,-0.123166
CUST_0579,1,num_international_transactions,0.0,-0.280487
CUST_0579,2,num_unique_counterparties,6.0,-0.185342
CUST_0579,3,num_unique_counterparties_6m,4.5464,-0.118896
CUST_0581,1,num_unique_counterparties,7.0,-0.218413
CUST_0581,2,num_international_transactions,20.0,0.17774
CUST_0581,3,avg_outflow,835.61,-0.156549
CUST_0583,1,num_international_transactions,1.0,-0.307308
CUST_0583,2,decline_rate,0.012821,-0.126913
CUST_0583,3,declined_volume,455.22,-0.12063
CUST_0584,1,num_international_transactions,0.0,-0.363347
CUST_0584,2,decline_rate,0.013889,-0.149277
CUST_0584,3,declined_volume,349.41,-0.095574
CUST_0586,1,volume_change_ratio,0.786784,0.282093
CUST_0586,2,num_international_transactions,2.0,0.252903
CUST_0586,3,volume_deviation_ratio,0.794516,0.245806
CUST_0587,1,num_international_transactions,1.0,-0.330102
CUST_0587,2,num_unique_counterparties,9.0,-0.149866
CUST_0587,3,transaction_time_entropy,2.0743,-0.116823
CUST_0588,1,num_international_transactions,0.0,-0.30378
CUST_0588,2,num_unique_counterparties,8.0,-0.172179
CUST_0588,3,num_unique_counterparties_6m,3.5437,-0.135072
CUST_0590,1,num_international_transactions,1.0,-0.329336
CUST_0590,2,num_unique_counterparties,9.0,-0.188763
CUST_0590,3,num_unique_counterparties_6m,5.0315,-0.112499
CUST_0596,1,num_international_transactions,0.0,-0.266112
CUST_0596,2,decline_rate,0.0,-0.189509
CUST_0596,3,num_unique_counterparties,21.0,0.131369
CUST_0598,1,num_international_transactions,0.0,-0.330818
CUST_0598,2,decline_rate,0.012346,-0.172472
CUST_0598,3,volume_deviation_ratio,-0.069697,-0.105509
CUST_0601,1,avg_corruption_index,76.153846,-0.231123
CUST_0601,2,avg_outflow,2936.55,-0.207873
CUST_0601,3,cash_volume,2000.0,-0.203564
CUST_0602,1,transaction_time_entropy,2.0188,-0.20732
CUST_0602,2,volume_deviation_ratio,0.052061,-0.158477
CUST_0602,3,avg_outflow,961.47,-0.14901
CUST_0604,1,num_international_transactions,1.0,-0.354359
CUST_0604,2,transaction_time_entropy,2.4126,-0.116823
CUST_0604,3,volume_deviation_ratio,0.046255,-0.10683
CUST_0607,1,num_international_transactions,0.0,-0.306367
CUST_0607,2,decline_rate,0.012821,-0.163696
CUST_0607,3,transaction_time_entropy,2.1606,-0.118352
CUST_0609,1,num_international_transactions,0.0,-0.234982
CUST_0609,2,num_unique_counterparties,6.0,-0.178927
CUST_0609,3,volume_deviation_ratio,-0.039717,-0.073653
CUST_0612,1,num_international_transactions,0.0,-0.248887
CUST_0612,2,num_unique_counterparties,7.0,-0.226008
CUST_0612,3,num_unique_counterparties_6m,5.5081,-0.095487
CUST_0613,1,num_international_transactions,0.0,-0.275182
CUST_0613,2,num_unique_counterparties,8.0,-0.241911
CUST_0613,3,avg_inflow,11806.56,-0.129029
CUST_0617,1,num_international_transactions,1.0,-0.41545
CUST_0617,2,decline_rate,0.0,-0.197065
CUST_0617,3,num_unique_counterparties,18.0,0.101665
CUST_0618,1,num_international_transactions,0.0,-0.275413
CUST_0618,2,num_unique_counterparties,9.0,-0.144956
CUST_0618,3,decline_rate,0.0,-0.083983
CUST_0623,1,num_international_transactions,0.0,-0.238926
CUST_0623,2,num_unique_counterparties,5.0,-0.136857
CUST_0623,3,avg_outflow,1775.91,-0.083805
CUST_0625,1,num_international_transactions,0.0,-0.233894
CUST_0625,2,num_unique_counterparties,4.0,-0.176516
CUST_0625,3,avg_outflow,533.235,-0.07598
CUST_0631,1,num_international_transactions,9.0,0.34068
CUST_0631,2,transaction_time_entropy,1.9849,-0.159739
CUST_0631,3,num_unique_counterparties,28.0,0.113062
CUST_0633,1,num_international_transactions,0.0,-0.233964
CUST_0633,2,num_unique_counterparties,9.0,-0.139123
CUST_0633,3,transaction_time_entropy,1.8012,-0.093138
CUST_0635,1,num_international_transactions,1.0,-0.229753
CUST_0635,2,num_unique_counterparties,7.0,-0.129836
CUST_0635,3,volume_deviation_ratio,-0.049533,-0.092871
CUST_0640,1,num_international_transactions,0.0,-0.216096
CUST_0640,2,one_time_counterparty_count,10.0,0.19144
CUST_0640,3,declined_count,9.0,0.159414
CUST_0641,1,avg_outflow,686.63,-0.275312
CUST_0641,2,volume_deviation_ratio,2.365058,0.236765
CUST_0641,3,avg_corruption_index,80.333333,-0.174068
CUST_0644,1,num_international_transactions,8.0,0.371653
CUST_0644,2,declined_volume,203.14,-0.156884
CUST_0644,3,num_unique_counterparties,30.0,0.141496
CUST_0645,1,transaction_time_entropy,2.1001,-0.326747
CUST_0645,2,decline_rate,0.0,-0.196405
CUST_0645,3,volume_deviation_ratio,-0.01056,-0.146402
CUST_0646,1,num_international_transactions,1.0,-0.392811
CUST_0646,2,num_unique_counterparties,7.0,-0.141535
CUST_0646,3,decline_rate,0.0,-0.097886
CUST_0650,1,num_international_transactions,0.0,-0.358763
CUST_0650,2,num_unique_counterparties,8.0,-0.149866
CUST_0650,3,decline_rate,0.0,-0.094539
CUST_0653,1,num_international_transactions,0.0,-0.370874
CUST_0653,2,num_unique_counterparties,6.0,-0.276346
CUST_0653,3,num_unique_counterparties_6m,4.391,-0.108904
CUST_0655,1,avg_outflow,708.78,-0.238925
CUST_0655,2,declined_volume,273.09,-0.171768
CUST_0655,3,top_counterparty_share,0.3,-0.117047
CUST_0657,1,num_international_transactions,0.0,-0.257605
CUST_0657,2,num_unique_counterparties,5.0,-0.136857
CUST_0657,3,decline_rate,0.0,-0.085232
CUST_0659,1,num_international_transactions,0.0,-0.288931
CUST_0659,2,num_unique_counterparties,8.0,-0.149866
CUST_0659,3,transaction_time_entropy,2.5153,-0.116823
CUST_0663,1,num_international_transactions,0.0,-0.335878
CUST_0663,2,avg_inflow,10667.06,-0.123166
CUST_0663,3,num_unique_counterparties_6m,5.9435,-0.104711
CUST_0665,1,num_international_transactions,1.0,-0.232755
CUST_0665,2,num_unique_counterparties,8.0,-0.229631
CUST_0665,3,avg_outflow,436.885,-0.088195
CUST_0668,1,num_unique_counterparties,5.0,-0.268976
CUST_0668,2,num_international_transactions,0.0,-0.242714
CUST_0668,3,num_unique_counterparties_6m,4.4438,-0.113262
CUST_0669,1,num_international_transactions,1.0,-0.248887
CUST_0669,2,num_unique_counterparties,7.0,-0.227691
CUST_0669,3,volume_deviation_ratio,-0.067822,-0.087075
CUST_0670,1,num_international_transactions,0.0,-0.368174
CUST_0670,2,num_unique_counterparties,9.0,-0.190512
CUST_0670,3,transaction_time_entropy,2.3602,-0.121817
CUST_0671,1,num_international_transactions,0.0,-0.240606
CUST_0671,2,num_unique_counterparties,3.0,-0.147455
CUST_0671,3,decline_rate,0.0,-0.084385
CUST_0672,1,num_international_transactions,1.0,-0.358763
CUST_0672,2,num_unique_counterparties,8.0,-0.149866
CUST_0672,3,decline_rate,0.0,-0.094539
CUST_0673,1,transaction_time_entropy,2.4207,-0.210834
CUST_0673,2,decline_rate,0.0,-0.206363
CUST_0673,3,count_deviation_ratio,0.23,-0.130337
CUST_0676,1,num_international_transactions,0.0,-0.324829
CUST_0676,2,declined_volume,133.07,-0.120746
CUST_0676,3,volume_deviation_ratio,0.109643,-0.108974
CUST_0681,1,num_international_transactions,0.0,-0.408643
CUST_0681,2,num_unique_counterparties,9.0,-0.233378
CUST_0681,3,num_unique_counterparties_6m,5.3462,-0.13943
CUST_0683,1,num_unique_counterparties,6.0,-0.28608
CUST_0683,2,num_international_transactions,0.0,-0.178471
CUST_0683,3,transaction_time_entropy,2.3361,-0.077537
CUST_0686,1,num_international_transactions,1.0,-0.232587
CUST_0686,2,num_unique_counterparties,6.0,-0.129836
CUST_0686,3,volume_deviation_ratio,0.044018,-0.087075
CUST_0688,1,num_international_transactions,31.0,0.203989
CUST_0688,2,avg_outflow,552.99,-0.195532
CUST_0688,3,decline_rate,0.0,-0.19146
CUST_0690,1,num_international_transactions,0.0,-0.384755
CUST_0690,2,num_unique_counterparties,7.0,-0.149866
CUST_0690,3,volume_deviation_ratio,0.108264,-0.065281
CUST_0693,1,num_international_transactions,1.0,-0.320387
CUST_0693,2,num_unique_counterparties,9.0,-0.141535
CUST_0693,3,transaction_time_entropy,2.2383,-0.129513
CUST_0694,1,transaction_time_entropy,2.3803,-0.210741
CUST_0694,2,num_international_transactions,5.0,0.204921
CUST_0694,3,num_unique_counterparties,9.0,-0.164009
CUST_0698,1,num_international_transactions,5.0,0.251967
CUST_0698,2,avg_outflow,372.91,-0.225863
CUST_0698,3,decline_rate,0.0,-0.192746
CUST_0699,1,num_international_transactions,0.0,-0.418262
CUST_0699,2,num_unique_counterparties,8.0,-0.185342
CUST_0699,3,num_unique_counterparties_6m,7.1842,-0.142312
CUST_0700,1,num_international_transactions,1.0,-0.465864
CUST_0700,2,decline_rate,0.005,-0.19397
CUST_0700,3,total_transactions,199.0,-0.122904
CUST_0701,1,num_international_transactions,0.0,-0.536477
CUST_0701,2,decline_rate,0.025641,-0.125295
CUST_0701,3,num_unique_counterparties,13.0,0.082694
CUST_0702,1,num_international_transactions,0.0,-0.431731
CUST_0702,2,decline_rate,0.0,-0.142197
CUST_0702,3,declined_volume,0.0,-0.112326
CUST_0707,1,avg_corruption_index,81.6,-0.243676
CUST_0707,2,avg_outflow,2607.565,-0.242399
CUST_0707,3,num_international_transactions,5.0,0.199304
CUST_0711,1,avg_outflow,3911.646667,-0.22908
CUST_0711,2,count_deviation_ratio,0.357895,-0.14092
CUST_0711,3,num_international_transactions,3.0,0.137094
CUST_0712,1,num_international_transactions,10.0,0.29269
CUST_0712,2,avg_outflow,624.598,-0.242369
CUST_0712,3,decline_rate,0.0,-0.16707
CUST_0713,1,avg_outflow,825.62,-0.213237
CUST_0713,2,num_unique_counterparties,8.0,-0.135867
CUST_0713,3,volume_deviation_ratio,0.041473,-0.12097
CUST_0718,1,num_international_transactions,0.0,-0.305436
CUST_0718,2,volume_deviation_ratio,-0.135109,-0.086174
CUST_0718,3,num_unique_counterparties_6m,6.3391,-0.085006
CUST_0720,1,num_international_transactions,0.0,-0.260892
CUST_0720,2,num_unique_counterparties,5.0,-0.147455
CUST_0720,3,num_unique_counterparties_6m,2.876,-0.091129
CUST_0725,1,num_international_transactions,0.0,-0.352885
CUST_0725,2,num_unique_counterparties,9.0,-0.139269
CUST_0725,3,transaction_time_entropy,2.2437,-0.116823
CUST_0732,1,num_international_transactions,0.0,-0.240606
CUST_0732,2,num_unique_counterparties,6.0,-0.136857
CUST_0732,3,decline_rate,0.0,-0.079217
CUST_0736,1,num_unique_counterparties,5.0,-0.269815
CUST_0736,2,num_international_transactions,0.0,-0.237888
CUST_0736,3,num_unique_counterparties_6m,3.5275,-0.108904
CUST_0739,1,num_international_transactions,0.0,-0.234982
CUST_0739,2,num_unique_counterparties,7.0,-0.136857
CUST_0739,3,decline_rate,0.0,-0.076403
CUST_0740,1,num_international_transactions,0.0,-0.380156
CUST_0740,2,num_unique_counterparties_6m,7.5589,-0.113262
CUST_0740,3,declined_volume,28797.34,-0.089646
CUST_0744,1,num_unique_counterparties,6.0,-0.282095
CUST_0744,2,num_international_transactions,0.0,-0.265819
CUST_0744,3,num_unique_counterparties_6m,5.5575,-0.135072
CUST_0747,1,num_unique_counterparties,4.0,-0.241911
CUST_0747,2,num_international_transactions,0.0,-0.191539
CUST_0747,3,num_unique_counterparties_6m,3.5497,-0.100391
CUST_0749,1,num_international_transactions,0.0,-0.468806
CUST_0749,2,num_unique_counterparties_6m,4.2963,-0.080648
CUST_0749,3,decline_rate,0.015152,-0.079326
CUST_0751,1,num_international_transactions,0.0,-0.316539
CUST_0751,2,num_unique_counterparties,7.0,-0.179835
CUST_0751,3,transaction_time_entropy,2.1218,-0.116823
CUST_0752,1,num_international_transactions,0.0,-0.329054
CUST_0752,2,declined_volume,377.91,-0.093663
CUST_0752,3,decline_rate,0.014085,-0.092117
CUST_0756,1,volume_deviation_ratio,6.052602,0.197064
CUST_0756,2,num_unique_counterparties,17.0,0.143981
CUST_0756,3,num_international_transactions,2.0,0.135121
CUST_0757,1,num_international_transactions,1.0,-0.310791
CUST_0757,2,num_unique_counterparties,8.0,-0.170986
CUST_0757,3,num_unique_counterparties_6m,7.3579,-0.108141
CUST_0761,1,num_international_transactions,0.0,-0.304042
CUST_0761,2,num_unique_counterparties,9.0,-0.246918
CUST_0761,3,num_unique_counterparties_6m,6.666,-0.113224
CUST_0762,1,num_international_transactions,0.0,-0.278319
CUST_0762,2,num_unique_counterparties,5.0,-0.264905
CUST_0762,3,num_unique_counterparties_6m,3.9246,-0.108904
CUST_0768,1,num_international_transactions,0.0,-0.260892
CUST_0768,2,num_unique_counterparties,6.0,-0.147455
CUST_0768,3,num_unique_counterparties_6m,5.2657,-0.091129
CUST_0771,1,num_international_transactions,0.0,-0.244633
CUST_0771,2,num_unique_counterparties,6.0,-0.204039
CUST_0771,3,num_unique_counterparties_6m,4.3561,-0.135072
CUST_0773,1,num_international_transactions,0.0,-0.244139
CUST_0773,2,num_unique_counterparties,9.0,-0.149866
CUST_0773,3,transaction_time_entropy,2.5247,-0.116823
CUST_0775,1,num_international_transactions,1.0,-0.348597
CUST_0775,2,decline_rate,0.0,-0.199151
CUST_0775,3,transaction_time_entropy,2.1773,-0.116823
CUST_0776,1,num_international_transactions,8.0,0.450224
CUST_0776,2,volume_deviation_ratio,8.660241,0.166596
CUST_0776,3,avg_outflow,22232.2225,0.116142
CUST_0777,1,num_international_transactions,0.0,-0.230918
CUST_0777,2,num_unique_counterparties,8.0,-0.218731
CUST_0777,3,num_unique_counterparties_6m,4.5776,-0.134308
CUST_0778,1,num_international_transactions,20.0,0.383969
CUST_0778,2,volume_deviation_ratio,36564.456434,0.197064
CUST_0778,3,avg_outflow,13332.228,0.118126
CUST_0779,1,num_international_transactions,0.0,-0.32271
CUST_0779,2,avg_inflow,5242.8,-0.183777
CUST_0779,3,volume_deviation_ratio,0.173142,-0.085569
CUST_0782,1,num_international_transactions,1.0,-0.196192
CUST_0782,2,num_unique_counterparties,8.0,-0.139269
CUST_0782,3,volume_deviation_ratio,-0.101074,-0.091216
CUST_0784,1,num_international_transactions,0.0,-0.25213
CUST_0784,2,num_unique_counterparties,7.0,-0.15349
CUST_0784,3,num_unique_counterparties_6m,6.5586,-0.113262
CUST_0787,1,num_international_transactions,0.0,-0.399194
CUST_0787,2,num_unique_counterparties,8.0,-0.184615
CUST_0787,3,pct_international_transactions,0.0,-0.100743
CUST_0788,1,num_international_transactions,5.0,0.380164
CUST_0788,2,volume_deviation_ratio,6.146047,0.16175
CUST_0788,3,avg_outflow,7658.21,0.121531
CUST_0791,1,num_international_transactions,0.0,-0.262513
CUST_0791,2,decline_rate,0.005882,-0.190308
CUST_0791,3,num_unique_counterparties,17.0,0.119497
CUST_0792,1,num_international_transactions,1.0,-0.276228
CUST_0792,2,num_unique_counterparties,9.0,-0.139269
CUST_0792,3,volume_deviation_ratio,0.009441,-0.07705
CUST_0793,1,num_international_transactions,1.0,-0.341382
CUST_0793,2,num_unique_counterparties,8.0,-0.140434
CUST_0793,3,decline_rate,0.0,-0.088768
CUST_0795,1,num_international_transactions,0.0,-0.464579
CUST_0795,2,num_unique_counterparties,9.0,-0.185342
CUST_0795,3,num_unique_counterparties_6m,8.4835,0.068812
CUST_0797,1,num_international_transactions,0.0,-0.359832
CUST_0797,2,num_unique_counterparties,8.0,-0.144956
CUST_0797,3,decline_rate,0.0,-0.094539
CUST_0798,1,num_international_transactions,63.0,0.318443
CUST_0798,2,top_counterparty_share,0.72619,-0.186577
CUST_0798,3,total_transactions,104.0,-0.183999
CUST_0801,1,num_international_transactions,0.0,-0.335744
CUST_0801,2,decline_rate,0.0,-0.196405
CUST_0801,3,transaction_time_entropy,2.2021,-0.144725
CUST_0803,1,num_unique_counterparties,6.0,-0.269815
CUST_0803,2,num_international_transactions,0.0,-0.213505
CUST_0803,3,num_unique_counterparties_6m,5.4577,-0.135072
CUST_0804,1,num_international_transactions,0.0,-0.394868
CUST_0804,2,num_unique_counterparties,8.0,-0.141535
CUST_0804,3,decline_rate,0.0,-0.099943
CUST_0806,1,decline_rate,0.0,-0.182423
CUST_0806,2,avg_corruption_index,79.0,-0.163327
CUST_0806,3,num_international_transactions,3.0,0.153345
CUST_0808,1,num_unique_counterparties,8.0,-0.203972
CUST_0808,2,num_international_transactions,20.0,0.198476
CUST_0808,3,transaction_time_entropy,1.9721,-0.155997
CUST_0809,1,num_international_transactions,0.0,-0.20699
CUST_0809,2,num_unique_counterparties,9.0,-0.139269
CUST_0809,3,transaction_time_entropy,2.2488,-0.084132
CUST_0810,1,num_international_transactions,1.0,-0.414197
CUST_0810,2,num_unique_counterparties_6m,7.9852,-0.083651
CUST_0810,3,decline_rate,0.013699,-0.072136
CUST_0813,1,num_international_transactions,0.0,-0.240606
CUST_0813,2,num_unique_counterparties,5.0,-0.149866
CUST_0813,3,decline_rate,0.0,-0.086796
CUST_0818,1,num_international_transactions,0.0,-0.251624
CUST_0818,2,num_unique_counterparties,7.0,-0.139269
CUST_0818,3,decline_rate,0.0,-0.081629
CUST_0819,1,num_international_transactions,0.0,-0.426039
CUST_0819,2,num_unique_counterparties,6.0,-0.277185
CUST_0819,3,num_unique_counterparties_6m,4.1292,-0.144728
CUST_0820,1,num_international_transactions,0.0,-0.393827
CUST_0820,2,num_unique_counterparties,8.0,-0.144956
CUST_0820,3,pct_international_transactions,0.0,-0.075282
CUST_0822,1,num_international_transactions,0.0,-0.269244
CUST_0822,2,num_unique_counterparties,7.0,-0.20766
CUST_0822,3,num_unique_counterparties_6m,4.527,-0.135072
CUST_0827,1,num_international_transactions,0.0,-0.415528
CUST_0827,2,num_unique_counterparties_6m,9.3564,0.083059
CUST_0827,3,volume_change_ratio,0.209441,0.069762
CUST_0828,1,num_international_transactions,0.0,-0.49789
CUST_0828,2,volume_deviation_ratio,28.328373,0.0875
CUST_0828,3,decline_rate,0.016949,-0.083737
CUST_0830,1,decline_rate,0.0,-0.246581
CUST_0830,2,total_transactions,160.0,-0.127797
CUST_0830,3,top_counterparty_share,0.352113,-0.117047
CUST_0831,1,num_international_transactions,0.0,-0.195345
CUST_0831,2,num_unique_counterparties,7.0,-0.149866
CUST_0831,3,transaction_time_entropy,1.6566,-0.084132
CUST_0834,1,avg_outflow,3381.2,-0.21318
CUST_0834,2,max_transaction_amount,23992.94,-0.158186
CUST_0834,3,volume_deviation_ratio,0.11675,-0.128236
CUST_0836,1,num_international_transactions,5.0,0.275032
CUST_0836,2,avg_outflow,4593.95,-0.248274
CUST_0836,3,num_unique_counterparties,24.0,0.135008
CUST_0842,1,num_international_transactions,5.0,0.435841
CUST_0842,2,volume_deviation_ratio,4.530073,0.250926
CUST_0842,3,decline_rate,0.0,-0.220962
CUST_0843,1,num_international_transactions,0.0,-0.39455
CUST_0843,2,num_unique_counterparties,7.0,-0.136905
CUST_0843,3,num_unique_counterparties_6m,6.3123,-0.069865
CUST_0846,1,num_international_transactions,0.0,-0.337247
CUST_0846,2,num_unique_counterparties,7.0,-0.144956
CUST_0846,3,transaction_time_entropy,2.4192,-0.116823
CUST_0847,1,decline_rate,0.01087,-0.223706
CUST_0847,2,num_international_transactions,23.0,0.204077
CUST_0847,3,transaction_time_entropy,2.0109,-0.200501
CUST_0849,1,num_international_transactions,0.0,-0.424174
CUST_0849,2,num_unique_counterparties,7.0,-0.193673
CUST_0849,3,num_unique_counterparties_6m,7.6481,-0.117583
CUST_0851,1,num_international_transactions,0.0,-0.368086
CUST_0851,2,num_unique_counterparties,9.0,-0.177089
CUST_0851,3,num_unique_counterparties_6m,6.3567,-0.139392
CUST_0852,1,num_international_transactions,1.0,-0.177048
CUST_0852,2,one_time_counterparty_count,9.0,0.145422
CUST_0852,3,avg_corruption_index,73.0,-0.122276
CUST_0855,1,num_unique_counterparties,8.0,-0.282095
CUST_0855,2,num_international_transactions,0.0,-0.264385
CUST_0855,3,num_unique_counterparties_6m,5.2102,-0.113262
CUST_0858,1,num_international_transactions,0.0,-0.355618
CUST_0858,2,num_unique_counterparties,9.0,-0.139269
CUST_0858,3,decline_rate,0.0,-0.096143
CUST_0860,1,avg_outflow,668.01,-0.264737
CUST_0860,2,avg_corruption_index,78.0,-0.163327
CUST_0860,3,top_counterparty_share,0.363636,-0.106551
CUST_0862,1,transaction_time_entropy,2.4765,-0.219809
CUST_0862,2,cash_volume,400.0,-0.190655
CUST_0862,3,decline_rate,0.0,-0.173819
CUST_0864,1,num_international_transactions,0.0,-0.275413
CUST_0864,2,num_unique_counterparties,7.0,-0.139123
CUST_0864,3,decline_rate,0.0,-0.083313
CUST_0870,1,avg_inflow,7851.993333,-0.183864
CUST_0870,2,declined_volume,34892.38,-0.149187
CUST_0870,3,max_transaction_amount,23692.06,-0.117825
CUST_0872,1,num_international_transactions,0.0,-0.368714
CUST_0872,2,num_unique_counterparties_6m,6.7162,-0.14375
CUST_0872,3,transaction_time_entropy,2.1103,-0.113402
CUST_0874,1,decline_rate,0.0,-0.213987
CUST_0874,2,avg_corruption_index,71.0,-0.142243
CUST_0874,3,declined_volume,0.0,-0.113941
CUST_0875,1,num_international_transactions,0.0,-0.415889
CUST_0875,2,declined_volume,282.36,-0.152068
CUST_0875,3,volume_deviation_ratio,0.036681,-0.108974
CUST_0876,1,num_international_transactions,0.0,-0.371803
CUST_0876,2,num_unique_counterparties,7.0,-0.216748
CUST_0876,3,num_unique_counterparties_6m,6.2796,-0.108904
CUST_0880,1,transaction_time_entropy,2.425,-0.151835
CUST_0880,2,num_unique_counterparties,7.0,-0.132026
CUST_0880,3,volume_deviation_ratio,-0.043384,-0.113001
CUST_0884,1,num_international_transactions,1.0,-0.447666
CUST_0884,2,num_unique_counterparties_6m,4.8526,-0.112461
CUST_0884,3,declined_count,5.0,0.07483
CUST_0886,1,num_international_transactions,0.0,-0.466375
CUST_0886,2,decline_rate,0.018519,-0.154493
CUST_0886,3,total_transactions,106.0,-0.122904
CUST_0887,1,num_international_transactions,0.0,-0.272405
CUST_0887,2,num_unique_counterparties,7.0,-0.188763
CUST_0887,3,transaction_time_entropy,1.9089,-0.116823
CUST_0888,1,num_international_transactions,0.0,-0.38504
CUST_0888,2,num_unique_counterparties,6.0,-0.193673
CUST_0888,3,num_unique_counterparties_6m,2.7014,-0.135072
CUST_0890,1,num_international_transactions,0.0,-0.25506
CUST_0890,2,num_unique_counterparties,6.0,-0.139269
CUST_0890,3,transaction_time_entropy,2.3764,-0.084132
CUST_0893,1,num_international_transactions,0.0,-0.234135
CUST_0893,2,num_unique_counterparties,8.0,-0.147455
CUST_0893,3,num_unique_counterparties_6m,5.1492,-0.084677
CUST_0896,1,num_international_transactions,0.0,-0.508689
CUST_0896,2,decline_rate,0.011905,-0.187041
CUST_0896,3,num_unique_counterparties,14.0,0.075142
CUST_0897,1,num_international_transactions,0.0,-0.405928
CUST_0897,2,num_unique_counterparties,5.0,-0.238288
CUST_0897,3,num_unique_counterparties_6m,4.114,-0.091129
CUST_0902,1,num_international_transactions,1.0,-0.367233
CUST_0902,2,num_unique_counterparties_6m,8.0383,-0.135072
CUST_0902,3,volume_deviation_ratio,-0.057881,-0.073617
CUST_0903,1,num_international_transactions,0.0,-0.244139
CUST_0903,2,num_unique_counterparties,6.0,-0.139269
CUST_0903,3,transaction_time_entropy,2.3708,-0.116823
CUST_0905,1,count_deviation_ratio,0.026316,-0.170747
CUST_0905,2,transaction_time_entropy,1.8956,-0.163901
CUST_0905,3,avg_outflow,2420.05,-0.125433
CUST_0909,1,num_international_transactions,0.0,-0.258332
CUST_0909,2,num_unique_counterparties,7.0,-0.136857
CUST_0909,3,avg_outflow,701.763333,-0.08389
CUST_0911,1,num_international_transactions,0.0,-0.354282
CUST_0911,2,num_unique_counterparties,9.0,-0.141535
CUST_0911,3,decline_rate,0.0,-0.097886
CUST_0916,1,num_international_transactions,0.0,-0.433189
CUST_0916,2,num_unique_counterparties,7.0,-0.185342
CUST_0916,3,num_unique_counterparties_6m,5.3302,-0.108904
CUST_0917,1,num_international_transactions,0.0,-0.236144
CUST_0917,2,num_unique_counterparties,5.0,-0.229631
CUST_0917,3,avg_outflow,505.623333,-0.086451
CUST_0921,1,num_international_transactions,1.0,-0.268626
CUST_0921,2,num_unique_counterparties,9.0,-0.179835
CUST_0921,3,decline_rate,0.0,-0.082607
CUST_0922,1,avg_outflow,265.66,-0.250591
CUST_0922,2,avg_corruption_index,75.0,-0.163434
CUST_0922,3,decline_rate,0.0,-0.139506
CUST_0924,1,num_unique_counterparties,5.0,-0.282095
CUST_0924,2,num_international_transactions,0.0,-0.192202
CUST_0924,3,num_unique_counterparties_6m,4.7062,-0.113262
CUST_0926,1,num_international_transactions,0.0,-0.420644
CUST_0926,2,num_unique_counterparties,9.0,-0.177089
CUST_0926,3,num_unique_counterparties_6m,7.3073,-0.073
CUST_0927,1,num_international_transactions,1.0,-0.419521
CUST_0927,2,declined_volume,209.5,-0.100483
CUST_0927,3,volume_deviation_ratio,0.215161,-0.099509
CUST_0928,1,num_international_transactions,0.0,-0.198929
CUST_0928,2,num_unique_counterparties,5.0,-0.136857
CUST_0928,3,transaction_time_entropy,2.2492,-0.084132
CUST_0931,1,num_international_transactions,0.0,-0.40878
CUST_0931,2,num_unique_counterparties,7.0,-0.238288
CUST_0931,3,pct_international_transactions,0.0,-0.075282
CUST_0938,1,num_international_transactions,0.0,-0.365234
CUST_0938,2,num_unique_counterparties,5.0,-0.189525
CUST_0938,3,decline_rate,0.0,-0.086842
CUST_0941,1,avg_outflow,3987.483333,-0.272776
CUST_0941,2,max_transaction_amount,45427.0,-0.158186
CUST_0941,3,num_unique_counterparties,9.0,-0.132718
CUST_0946,1,num_international_transactions,1.0,-0.235473
CUST_0946,2,num_unique_counterparties,8.0,-0.147455
CUST_0946,3,decline_rate,0.0,-0.084385
CUST_0949,1,num_international_transactions,0.0,-0.291504
CUST_0949,2,num_unique_counterparties,9.0,-0.149866
CUST_0949,3,transaction_time_entropy,2.0629,-0.116823
CUST_0950,1,num_international_transactions,0.0,-0.255868
CUST_0950,2,num_unique_counterparties,7.0,-0.175896
CUST_0950,3,num_unique_counterparties_6m,4.7564,-0.108904
CUST_0953,1,num_international_transactions,0.0,-0.204018
CUST_0953,2,num_unique_counterparties,7.0,-0.147455
CUST_0953,3,transaction_time_entropy,2.1983,-0.084132
CUST_0955,1,num_international_transactions,0.0,-0.234982
CUST_0955,2,num_unique_counterparties,9.0,-0.139269
CUST_0955,3,volume_deviation_ratio,0.156049,-0.090657
CUST_0956,1,num_international_transactions,11.0,0.270052
CUST_0956,2,avg_outflow,802.56,-0.265195
CUST_0956,3,cash_volume,3500.0,-0.163059
CUST_0957,1,num_international_transactions,0.0,-0.187775
CUST_0957,2,num_unique_counterparties,4.0,-0.147455
CUST_0957,3,decline_rate,0.0,-0.141478
CUST_0959,1,num_international_transactions,0.0,-0.240606
CUST_0959,2,num_unique_counterparties,4.0,-0.147455
CUST_0959,3,decline_rate,0.0,-0.084385
CUST_0962,1,num_international_transactions,0.0,-0.211596
CUST_0962,2,num_unique_counterparties,8.0,-0.139269
CUST_0962,3,transaction_time_entropy,2.4102,-0.084132
CUST_0964,1,num_international_transactions,1.0,-0.296646
CUST_0964,2,num_unique_counterparties,8.0,-0.144057
CUST_0964,3,num_unique_counterparties_6m,5.4414,-0.135072
CUST_0966,1,transaction_time_entropy,2.1923,-0.326747
CUST_0966,2,volume_deviation_ratio,0.008142,-0.124651
CUST_0966,3,decline_rate,0.022222,-0.1212
CUST_0967,1,num_international_transactions,0.0,-0.200798
CUST_0967,2,num_unique_counterparties,8.0,-0.139269
CUST_0967,3,transaction_time_entropy,2.4857,-0.084132
CUST_0969,1,num_international_transactions,1.0,-0.293206
CUST_0969,2,num_unique_counterparties,9.0,-0.140434
CUST_0969,3,transaction_time_entropy,1.9646,-0.11049
CUST_0971,1,num_international_transactions,0.0,-0.257636
CUST_0971,2,num_unique_counterparties,7.0,-0.144956
CUST_0971,3,transaction_time_entropy,2.1519,-0.129251
CUST_0974,1,num_international_transactions,0.0,-0.378433
CUST_0974,2,num_unique_counterparties,8.0,-0.233378
CUST_0974,3,pct_international_transactions,0.0,-0.075282
CUST_0978,1,num_international_transactions,0.0,-0.26144
CUST_0978,2,num_unique_counterparties,7.0,-0.147455
CUST_0978,3,num_unique_counterparties_6m,3.9942,-0.091129
CUST_0979,1,num_international_transactions,0.0,-0.381113
CUST_0979,2,decline_rate,0.0,-0.20288
CUST_0979,3,transaction_time_entropy,1.9408,-0.13832
CUST_0986,1,num_international_transactions,1.0,-0.462366
CUST_0986,2,num_unique_counterparties_6m,7.495,-0.112499
CUST_0986,3,volume_deviation_ratio,-0.032623,-0.089438
CUST_0987,1,num_international_transactions,0.0,-0.259713
CUST_0987,2,num_unique_counterparties,9.0,-0.144956
CUST_0987,3,transaction_time_entropy,2.2323,-0.084132
CUST_0990,1,transaction_time_entropy,1.9666,-0.342141
CUST_0990,2,num_international_transactions,6.0,0.26101
CUST_0990,3,decline_rate,0.0,-0.254188
CUST_1000,1,num_international_transactions,1.0,-0.462685
CUST_1000,2,volume_deviation_ratio,-0.002267,-0.124727
CUST_1000,3,decline_rate,0.034483,-0.122999
CUST_1002,1,num_international_transactions,0.0,-0.380808
CUST_1002,2,num_unique_counterparties,7.0,-0.149866
CUST_1002,3,pct_international_transactions,0.0,-0.075282
CUST_1004,1,num_international_transactions,1.0,-0.249545
CUST_1004,2,total_transactions,116.0,-0.122904
CUST_1004,3,num_unique_counterparties,20.0,0.115636
CUST_1006,1,decline_rate,0.0,-0.246581
CUST_1006,2,num_international_transactions,3.0,0.190716
CUST_1006,3,declined_volume,0.0,-0.113743
CUST_1007,1,num_international_transactions,0.0,-0.217499
CUST_1007,2,num_unique_counterparties,5.0,-0.177423
CUST_1007,3,transaction_time_entropy,2.4524,-0.096559
CUST_1010,1,num_international_transactions,1.0,-0.289581
CUST_1010,2,decline_rate,0.0,-0.106775
CUST_1010,3,volume_deviation_ratio,-0.047231,-0.078734
CUST_1013,1,num_international_transactions,1.0,-0.196192
CUST_1013,2,num_unique_counterparties,7.0,-0.147455
CUST_1013,3,volume_deviation_ratio,-0.028524,-0.092871
CUST_1014,1,num_international_transactions,0.0,-0.288226
CUST_1014,2,num_unique_counterparties,7.0,-0.144956
CUST_1014,3,transaction_time_entropy,2.4319,-0.116823
CUST_1018,1,num_international_transactions,0.0,-0.282491
CUST_1018,2,num_unique_counterparties,7.0,-0.241911
CUST_1018,3,avg_outflow,3658.393333,-0.080318
CUST_1020,1,num_international_transactions,0.0,-0.217859
CUST_1020,2,decline_rate,0.014493,-0.100607
CUST_1020,3,one_time_counterparty_count,10.0,0.096986
CUST_1023,1,num_international_transactions,0.0,-0.244769
CUST_1023,2,num_unique_counterparties,6.0,-0.136857
CUST_1023,3,decline_rate,0.0,-0.079217
CUST_1025,1,num_international_transactions,0.0,-0.258674
CUST_1025,2,num_unique_counterparties,7.0,-0.134359
CUST_1025,3,decline_rate,0.0,-0.087644
CUST_1028,1,num_international_transactions,72.0,0.297006
CUST_1028,2,top_counterparty_share,0.563025,-0.233994
CUST_1028,3,total_transactions,138.0,-0.183999
CUST_1029,1,num_international_transactions,0.0,-0.349107
CUST_1029,2,num_unique_counterparties,8.0,-0.139269
CUST_1029,3,decline_rate,0.0,-0.0982
CUST_1030,1,num_international_transactions,0.0,-0.256757
CUST_1030,2,num_unique_counterparties,3.0,-0.136857
CUST_1030,3,decline_rate,0.0,-0.079217
CUST_1032,1,num_international_transactions,0.0,-0.235473
CUST_1032,2,num_unique_counterparties,4.0,-0.149866
CUST_1032,3,decline_rate,0.0,-0.086796
CUST_1038,1,num_international_transactions,0.0,-0.25246
CUST_1038,2,num_unique_counterparties,6.0,-0.15349
CUST_1038,3,num_unique_counterparties_6m,3.4269,-0.074223
CUST_1044,1,num_international_transactions,0.0,-0.354437
CUST_1044,2,num_unique_counterparties,6.0,-0.149866
CUST_1044,3,decline_rate,0.0,-0.0982
CUST_1046,1,num_international_transactions,0.0,-0.272847
CUST_1046,2,num_unique_counterparties,9.0,-0.144956
CUST_1046,3,transaction_time_entropy,2.1361,-0.129251
CUST_1047,1,avg_corruption_index,77.428571,-0.306799
CUST_1047,2,avg_outflow,2256.3475,-0.234991
CUST_1047,3,cash_volume,500.0,-0.203564
CUST_1050,1,declined_count,4.0,0.159414
CUST_1050,2,num_international_transactions,1.0,-0.149962
CUST_1050,3,num_unique_counterparties,14.0,0.147038
CUST_1052,1,num_international_transactions,1.0,-0.289588
CUST_1052,2,num_unique_counterparties,7.0,-0.142544
CUST_1052,3,decline_rate,0.0,-0.084385
CUST_1053,1,num_international_transactions,0.0,-0.214608
CUST_1053,2,num_unique_counterparties,7.0,-0.134359
CUST_1053,3,decline_rate,0.0,-0.086796
CUST_1057,1,num_international_transactions,0.0,-0.384755
CUST_1057,2,num_unique_counterparties,6.0,-0.149866
CUST_1057,3,num_unique_counterparties_6m,4.6437,-0.091129
CUST_1060,1,num_international_transactions,0.0,-0.249908
CUST_1060,2,num_unique_counterparties,9.0,-0.149866
CUST_1060,3,declined_volume,470.35,-0.111336
CUST_1061,1,num_international_transactions,0.0,-0.314098
CUST_1061,2,decline_rate,0.0,-0.183366
CUST_1061,3,transaction_time_entropy,1.877,-0.148077
CUST_1062,1,num_international_transactions,1.0,-0.32708
CUST_1062,2,avg_inflow,12616.286667,-0.183777
CUST_1062,3,transaction_time_entropy,2.3521,-0.084132
CUST_1063,1,avg_outflow,3733.0075,-0.279116
CUST_1063,2,avg_inflow,12208.925,-0.183864
CUST_1063,3,top_counterparty_share,0.3,-0.117047
CUST_1066,1,num_international_transactions,0.0,-0.401325
CUST_1066,2,transaction_time_entropy,1.9269,-0.12583
CUST_1066,3,declined_volume,467.96,-0.102646
CUST_1068,1,avg_outflow,2661.15,-0.267478
CUST_1068,2,num_international_transactions,21.0,0.258939
CUST_1068,3,num_unique_counterparties,8.0,-0.220825
CUST_1069,1,num_international_transactions,0.0,-0.234982
CUST_1069,2,num_unique_counterparties,4.0,-0.147455
CUST_1069,3,decline_rate,0.0,-0.081571
CUST_1079,1,num_international_transactions,0.0,-0.376808
CUST_1079,2,num_unique_counterparties,5.0,-0.149866
CUST_1079,3,pct_international_transactions,0.0,-0.075282
CUST_1081,1,num_international_transactions,2.0,0.115458
CUST_1081,2,volume_deviation_ratio,0.103157,-0.106
CUST_1081,3,cash_volume,0.0,-0.101742
CUST_1085,1,num_international_transactions,1.0,-0.24278
CUST_1085,2,decline_rate,0.0,-0.161507
CUST_1085,3,transaction_time_entropy,2.3707,-0.125627
CUST_1089,1,avg_outflow,621.04,-0.257764
CUST_1089,2,num_international_transactions,18.0,0.219886
CUST_1089,3,num_unique_counterparties,6.0,-0.203972
CUST_1091,1,num_international_transactions,1.0,-0.28317
CUST_1091,2,num_unique_counterparties,6.0,-0.139269
CUST_1091,3,decline_rate,0.0,-0.138722
CUST_1093,1,num_international_transactions,0.0,-0.362179
CUST_1093,2,avg_inflow,9108.36,-0.123166
CUST_1093,3,transaction_time_entropy,2.237,-0.116823
CUST_1094,1,num_international_transactions,1.0,-0.217967
CUST_1094,2,num_unique_counterparties,7.0,-0.136857
CUST_1094,3,transaction_time_entropy,2.3675,-0.084132
CUST_1095,1,num_international_transactions,0.0,-0.272093
CUST_1095,2,num_unique_counterparties,8.0,-0.147636
CUST_1095,3,decline_rate,0.00578,-0.10187
CUST_1096,1,num_international_transactions,0.0,-0.24172
CUST_1096,2,num_unique_counterparties,8.0,-0.151078
CUST_1096,3,avg_outflow,527.34,-0.085634
CUST_1102,1,num_international_transactions,6.0,0.392225
CUST_1102,2,decline_rate,0.0,-0.164039
CUST_1102,3,declined_volume,0.0,-0.126428
CUST_1104,1,num_international_transactions,1.0,-0.209689
CUST_1104,2,num_unique_counterparties,9.0,-0.144956
CUST_1104,3,transaction_time_entropy,2.4951,-0.096559
CUST_1105,1,avg_outflow,1213.615,-0.225863
CUST_1105,2,num_international_transactions,6.0,0.208411
CUST_1105,3,avg_corruption_index,76.0,-0.169237
CUST_1108,1,num_international_transactions,0.0,-0.285254
CUST_1108,2,num_unique_counterparties,8.0,-0.149866
CUST_1108,3,transaction_time_entropy,2.3741,-0.116823
CUST_1112,1,num_international_transactions,0.0,-0.312927
CUST_1112,2,transaction_time_entropy,2.2387,-0.137185
CUST_1112,3,decline_rate,0.01626,-0.135398
CUST_1113,1,num_international_transactions,1.0,-0.46155
CUST_1113,2,num_unique_counterparties,8.0,-0.172179
CUST_1113,3,num_unique_counterparties_6m,5.0522,-0.112499
CUST_1116,1,num_unique_counterparties,6.0,-0.326264
CUST_1116,2,num_international_transactions,0.0,-0.24891
CUST_1116,3,num_unique_counterparties_6m,5.3821,-0.113262
CUST_1117,1,avg_outflow,364.0125,-0.242369
CUST_1117,2,num_international_transactions,6.0,0.227101
CUST_1117,3,cash_volume,3500.0,-0.163059
CUST_1118,1,num_international_transactions,0.0,-0.370004
CUST_1118,2,num_unique_counterparties,6.0,-0.167477
CUST_1118,3,num_unique_counterparties_6m,6.3994,-0.113262
CUST_1119,1,num_international_transactions,0.0,-0.234135
CUST_1119,2,num_unique_counterparties,9.0,-0.144033
CUST_1119,3,decline_rate,0.0,-0.082466
CUST_1124,1,num_international_transactions,0.0,-0.266177
CUST_1124,2,num_unique_counterparties,6.0,-0.167477
CUST_1124,3,transaction_time_entropy,2.4156,-0.110229
CUST_1126,1,num_international_transactions,0.0,-0.266183
CUST_1126,2,num_unique_counterparties,5.0,-0.149866
CUST_1126,3,transaction_time_entropy,2.2727,-0.116823
CUST_1127,1,num_international_transactions,0.0,-0.283966
CUST_1127,2,num_unique_counterparties,17.0,0.203887
CUST_1127,3,one_time_counterparty_count,10.0,0.19144
CUST_1129,1,num_international_transactions,0.0,-0.363534
CUST_1129,2,num_unique_counterparties,9.0,-0.326264
CUST_1129,3,volume_deviation_ratio,0.156484,-0.084989
CUST_1133,1,num_international_transactions,0.0,-0.427065
CUST_1133,2,num_unique_counterparties,8.0,-0.202147
CUST_1133,3,num_unique_counterparties_6m,5.0873,-0.125945
CUST_1135,1,num_international_transactions,0.0,-0.36946
CUST_1135,2,num_unique_counterparties_6m,6.707,-0.135072
CUST_1135,3,transaction_time_entropy,2.4254,-0.129251
CUST_1136,1,num_international_transactions,1.0,-0.20699
CUST_1136,2,num_unique_counterparties,8.0,-0.139269
CUST_1136,3,volume_deviation_ratio,-0.080075,-0.092871
CUST_1137,1,decline_rate,0.0,-0.257349
CUST_1137,2,volume_deviation_ratio,26.087989,0.215064
CUST_1137,3,num_international_transactions,4.0,0.182125
CUST_1138,1,num_international_transactions,0.0,-0.283269
CUST_1138,2,num_unique_counterparties,6.0,-0.139269
CUST_1138,3,num_unique_counterparties_6m,5.08,-0.090304
CUST_1142,1,avg_outflow,582.245,-0.237181
CUST_1142,2,max_transaction_amount,24686.41,-0.158186
CUST_1142,3,volume_deviation_ratio,0.339354,-0.135333
CUST_1143,1,avg_outflow,299.943333,-0.23016
CUST_1143,2,declined_volume,340.55,-0.171768
CUST_1143,3,volume_deviation_ratio,-0.190868,-0.150895
CUST_1145,1,num_international_transactions,0.0,-0.288245
CUST_1145,2,num_unique_counterparties,7.0,-0.147636
CUST_1145,3,num_unique_counterparties_6m,7.7686,-0.141549
CUST_1147,1,num_international_transactions,9.0,0.308961
CUST_1147,2,transaction_time_entropy,1.8567,-0.209811
CUST_1147,3,num_unique_counterparties,28.0,0.147313
CUST_1148,1,num_international_transactions,0.0,-0.233894
CUST_1148,2,num_unique_counterparties,6.0,-0.147455
CUST_1148,3,decline_rate,0.0,-0.085232
CUST_1149,1,num_international_transactions,0.0,-0.251351
CUST_1149,2,decline_rate,0.0,-0.11169
CUST_1149,3,transaction_time_entropy,1.7739,-0.084132
CUST_1151,1,num_international_transactions,17.0,0.34045
CUST_1151,2,decline_rate,0.010309,-0.158723
CUST_1151,3,max_transaction_amount,37689.74,-0.158186
CUST_1157,1,num_international_transactions,0.0,-0.241333
CUST_1157,2,num_unique_counterparties,7.0,-0.136857
CUST_1157,3,avg_outflow,350.733333,-0.083805
CUST_1162,1,num_international_transactions,8.0,0.293944
CUST_1162,2,cash_volume,1000.0,-0.203564
CUST_1162,3,decline_rate,0.0,-0.19146
CUST_1165,1,num_international_transactions,1.0,-0.303748
CUST_1165,2,decline_rate,0.028571,-0.123099
CUST_1165,3,transaction_time_entropy,2.4752,-0.112034
CUST_1167,1,num_international_transactions,0.0,-0.201816
CUST_1167,2,num_unique_counterparties,5.0,-0.147455
CUST_1167,3,decline_rate,0.0,-0.084385
CUST_1168,1,avg_outflow,201.442,-0.281374
CUST_1168,2,num_international_transactions,7.0,0.225722
CUST_1168,3,num_unique_counterparties,25.0,0.14582
CUST_1170,1,num_unique_counterparties,8.0,-0.269337
CUST_1170,2,num_international_transactions,0.0,-0.201696
CUST_1170,3,transaction_time_entropy,2.3017,-0.089125
CUST_1171,1,transaction_time_entropy,2.4647,-0.289671
CUST_1171,2,decline_rate,0.0,-0.209472
CUST_1171,3,top_counterparty_share,0.386207,-0.193558
CUST_1172,1,num_international_transactions,0.0,-0.303067
CUST_1172,2,num_unique_counterparties,8.0,-0.142544
CUST_1172,3,num_unique_counterparties_6m,1.6552,-0.091129
CUST_1173,1,avg_outflow,1006.04,-0.264563
CUST_1173,2,num_international_transactions,8.0,0.23815
CUST_1173,3,cash_volume,0.0,-0.188112
CUST_1174,1,num_international_transactions,0.0,-0.240606
CUST_1174,2,num_unique_counterparties,4.0,-0.136857
CUST_1174,3,decline_rate,0.0,-0.079217
CUST_1177,1,num_international_transactions,0.0,-0.378699
CUST_1177,2,num_unique_counterparties,8.0,-0.144956
CUST_1177,3,decline_rate,0.0,-0.114718
CUST_1188,1,avg_outflow,2569.843333,-0.241676
CUST_1188,2,num_international_transactions,17.0,0.235937
CUST_1188,3,num_unique_counterparties,6.0,-0.220825
CUST_1190,1,num_international_transactions,1.0,-0.273368
CUST_1190,2,num_unique_counterparties,7.0,-0.139269
CUST_1190,3,transaction_time_entropy,1.6812,-0.116823
CUST_1191,1,num_international_transactions,0.0,-0.251436
CUST_1191,2,num_unique_counterparties,7.0,-0.182203
CUST_1191,3,decline_rate,0.0,-0.130966
CUST_1192,1,num_unique_counterparties,9.0,-0.278432
CUST_1192,2,avg_outflow,3882.463333,-0.239403
CUST_1192,3,volume_deviation_ratio,0.078828,-0.115833
CUST_1194,1,transaction_time_entropy,2.5303,-0.317704
CUST_1194,2,declined_volume,95.71,-0.153737
CUST_1194,3,volume_deviation_ratio,0.615779,0.119083
CUST_1197,1,num_international_transactions,5.0,0.368574
CUST_1197,2,num_unique_counterparties,8.0,-0.177018
CUST_1197,3,decline_rate,0.0,-0.143242
CUST_1199,1,num_international_transactions,0.0,-0.369522
CUST_1199,2,decline_rate,0.0,-0.214526
CUST_1199,3,transaction_time_entropy,2.2391,-0.157153
CUST_0002,1,num_international_transactions,0.0,-0.268191
CUST_0002,2,num_unique_counterparties_6m,7.5451,-0.14375
CUST_0002,3,num_unique_counterparties,12.0,0.136463
CUST_0012,1,num_international_transactions,0.0,-0.349018
CUST_0012,2,decline_rate,0.0,-0.105704
CUST_0012,3,declined_volume,0.0,-0.095826
CUST_0020,1,avg_outflow,554.65,-0.227704
CUST_0020,2,cash_volume,0.0,-0.188112
CUST_0020,3,decline_rate,0.029412,-0.116604
CUST_0031,1,num_international_transactions,0.0,-0.358763
CUST_0031,2,num_unique_counterparties,6.0,-0.149866
CUST_0031,3,decline_rate,0.0,-0.094539
CUST_0032,1,num_unique_counterparties,7.0,-0.269815
CUST_0032,2,num_international_transactions,0.0,-0.204743
CUST_0032,3,num_unique_counterparties_6m,4.4005,-0.113262
CUST_0049,1,num_international_transactions,0.0,-0.281764
CUST_0049,2,num_unique_counterparties,6.0,-0.188763
CUST_0049,3,num_unique_counterparties_6m,4.5776,-0.108141
CUST_0051,1,num_international_transactions,0.0,-0.399241
CUST_0051,2,num_unique_counterparties,7.0,-0.174924
CUST_0051,3,decline_rate,0.0,-0.093164
CUST_0053,1,num_international_transactions,0.0,-0.455476
CUST_0053,2,decline_rate,0.018868,-0.135132
CUST_0053,3,declined_volume,319.13,-0.102393
CUST_0055,1,avg_outflow,448.39,-0.289291
CUST_0055,2,num_international_transactions,6.0,0.277575
CUST_0055,3,volume_deviation_ratio,-0.301857,-0.134541
CUST_0056,1,num_international_transactions,0.0,-0.195104
CUST_0056,2,num_unique_counterparties,8.0,-0.139269
CUST_0056,3,transaction_time_entropy,2.0904,-0.084132
CUST_0060,1,num_international_transactions,1.0,-0.348535
CUST_0060,2,decline_rate,0.013333,-0.173454
CUST_0060,3,transaction_time_entropy,2.328,-0.160836
CUST_0079,1,transaction_time_entropy,2.1635,-0.223971
CUST_0079,2,num_international_transactions,9.0,0.206169
CUST_0079,3,decline_rate,0.0,-0.19146
CUST_0090,1,num_international_transactions,0.0,-0.348922
CUST_0090,2,decline_rate,0.0,-0.199151
CUST_0090,3,volume_deviation_ratio,0.713172,0.139938
CUST_0093,1,num_international_transactions,19.0,0.24981
CUST_0093,2,num_unique_counterparties,5.0,-0.199627
CUST_0093,3,avg_outflow,758.0,-0.194642
CUST_0103,1,num_international_transactions,1.0,-0.456711
CUST_0103,2,volume_deviation_ratio,0.004773,-0.081643
CUST_0103,3,decline_rate,0.039474,-0.065249
CUST_0112,1,num_international_transactions,0.0,-0.216215
CUST_0112,2,num_unique_counterparties,5.0,-0.131995
CUST_0112,3,num_unique_counterparties_6m,5.1726,-0.113262
CUST_0114,1,num_international_transactions,0.0,-0.187307
CUST_0114,2,transaction_time_entropy,2.3752,-0.096559
CUST_0114,3,declined_volume,0.0,-0.093663
CUST_0115,1,num_international_transactions,9.0,0.409608
CUST_0115,2,volume_deviation_ratio,1.074478,0.164786
CUST_0115,3,avg_outflow,38931.4,0.113479
CUST_0128,1,num_international_transactions,1.0,-0.198298
CUST_0128,2,avg_inflow,7691.67,-0.183985
CUST_0128,3,volume_deviation_ratio,0.06484,-0.081899
CUST_0130,1,num_international_transactions,0.0,-0.391476
CUST_0130,2,num_unique_counterparties,8.0,-0.141535
CUST_0130,3,decline_rate,0.0,-0.096282
CUST_0135,1,num_international_transactions,0.0,-0.383171
CUST_0135,2,decline_rate,0.0125,-0.200066
CUST_0135,3,transaction_time_entropy,2.0155,-0.157153
CUST_0141,1,num_international_transactions,0.0,-0.202663
CUST_0141,2,num_unique_counterparties,8.0,-0.139269
CUST_0141,3,transaction_time_entropy,2.2599,-0.084132
CUST_0144,1,num_international_transactions,1.0,-0.352737
CUST_0144,2,num_unique_counterparties,7.0,-0.28608
CUST_0144,3,volume_deviation_ratio,-0.198579,-0.087204
CUST_0151,1,num_international_transactions,0.0,-0.441281
CUST_0151,2,decline_rate,0.0,-0.127415
CUST_0151,3,declined_volume,0.0,-0.090523
CUST_0164,1,num_international_transactions,0.0,-0.244741
CUST_0164,2,num_unique_counterparties,7.0,-0.147455
CUST_0164,3,avg_outflow,294.14,-0.08389
CUST_0168,1,num_international_transactions,0.0,-0.248164
CUST_0168,2,num_unique_counterparties,7.0,-0.15349
CUST_0168,3,transaction_time_entropy,1.5178,-0.084132
CUST_0176,1,num_international_transactions,0.0,-0.251134
CUST_0176,2,num_unique_counterparties,5.0,-0.136857
CUST_0176,3,num_unique_counterparties_6m,3.1161,-0.079509
CUST_0196,1,num_international_transactions,0.0,-0.230843
CUST_0196,2,num_unique_counterparties,4.0,-0.21541
CUST_0196,3,avg_outflow,443.91,-0.086451
CUST_0201,1,num_international_transactions,0.0,-0.355558
CUST_0201,2,decline_rate,0.014085,-0.19531
CUST_0201,3,transaction_time_entropy,2.2154,-0.113402
CUST_0202,1,num_international_transactions,0.0,-0.248553
CUST_0202,2,num_unique_counterparties,9.0,-0.139269
CUST_0202,3,transaction_time_entropy,2.4283,-0.116823
CUST_0217,1,num_international_transactions,0.0,-0.408518
CUST_0217,2,num_unique_counterparties,5.0,-0.149866
CUST_0217,3,decline_rate,0.019608,-0.10718
CUST_0223,1,num_international_transactions,0.0,-0.263137
CUST_0223,2,num_unique_counterparties,8.0,-0.241911
CUST_0223,3,avg_outflow,3915.275,-0.078489
CUST_0225,1,volume_deviation_ratio,0.170963,-0.134541
CUST_0225,2,num_international_transactions,2.0,0.119494
CUST_0225,3,avg_outflow,4657.34,0.089457
CUST_0226,1,num_international_transactions,0.0,-0.388427
CUST_0226,2,num_unique_counterparties,7.0,-0.186341
CUST_0226,3,volume_deviation_ratio,0.720444,0.178521
CUST_0227,1,num_international_transactions,0.0,-0.242495
CUST_0227,2,num_unique_counterparties,6.0,-0.191261
CUST_0227,3,num_unique_counterparties_6m,3.7827,-0.108904
CUST_0243,1,num_international_transactions,0.0,-0.249386
CUST_0243,2,num_unique_counterparties,4.0,-0.149866
CUST_0243,3,transaction_time_entropy,2.4047,-0.116823
CUST_0256,1,avg_corruption_index,79.0,-0.243676
CUST_0256,2,num_international_transactions,5.0,0.241598
CUST_0256,3,avg_outflow,186.848,-0.221332
CUST_0257,1,num_international_transactions,0.0,-0.251861
CUST_0257,2,num_unique_counterparties,7.0,-0.136857
CUST_0257,3,avg_outflow,464.363333,-0.08389
CUST_0265,1,num_international_transactions,0.0,-0.284927
CUST_0265,2,num_unique_counterparties,8.0,-0.139269
CUST_0265,3,transaction_time_entropy,2.3178,-0.116823
CUST_0267,1,num_international_transactions,0.0,-0.429207
CUST_0267,2,num_unique_counterparties,9.0,-0.168758
CUST_0267,3,num_unique_counterparties_6m,6.2276,-0.108141
CUST_0272,1,num_international_transactions,0.0,-0.344658
CUST_0272,2,num_unique_counterparties_6m,7.2286,-0.080648
CUST_0272,3,decline_rate,0.014925,-0.079997
CUST_0277,1,num_unique_counterparties,5.0,-0.269815
CUST_0277,2,num_international_transactions,0.0,-0.236144
CUST_0277,3,num_unique_counterparties_6m,3.1669,-0.108904
CUST_0278,1,num_international_transactions,1.0,-0.317084
CUST_0278,2,avg_inflow,9189.333333,-0.183282
CUST_0278,3,decline_rate,0.028571,-0.122605
CUST_0281,1,num_international_transactions,1.0,-0.508954
CUST_0281,2,decline_rate,0.0,-0.200066
CUST_0281,3,declined_volume,0.0,-0.106475
CUST_0292,1,total_transactions,179.0,-0.183999
CUST_0292,2,num_international_transactions,3.0,0.144909
CUST_0292,3,volume_deviation_ratio,-0.114025,-0.109637
CUST_0302,1,num_international_transactions,0.0,-0.217967
CUST_0302,2,num_unique_counterparties,6.0,-0.147455
CUST_0302,3,decline_rate,0.0,-0.084385
CUST_0306,1,num_international_transactions,1.0,-0.248309
CUST_0306,2,num_unique_counterparties,7.0,-0.172475
CUST_0306,3,num_unique_counterparties_6m,4.6372,-0.108904
CUST_0314,1,num_international_transactions,0.0,-0.388242
CUST_0314,2,num_unique_counterparties,7.0,-0.139269
CUST_0314,3,decline_rate,0.0,-0.093033
CUST_0326,1,num_international_transactions,9.0,0.276592
CUST_0326,2,avg_outflow,463.2275,-0.242369
CUST_0326,3,decline_rate,0.0,-0.154346
CUST_0327,1,num_international_transactions,0.0,-0.258663
CUST_0327,2,num_unique_counterparties,7.0,-0.172475
CUST_0327,3,num_unique_counterparties_6m,4.782,-0.108904
CUST_0328,1,num_international_transactions,0.0,-0.248906
CUST_0328,2,num_unique_counterparties,9.0,-0.21541
CUST_0328,3,num_unique_counterparties_6m,5.8259,-0.091129
CUST_0330,1,transaction_time_entropy,2.4655,-0.352659
CUST_0330,2,num_unique_counterparties,29.0,0.138518
CUST_0330,3,top_counterparty_share,0.24,-0.131992
CUST_0334,1,num_international_transactions,1.0,-0.388836
CUST_0334,2,num_unique_counterparties,9.0,-0.19604
CUST_0334,3,volume_deviation_ratio,-0.110214,-0.091216
CUST_0342,1,num_international_transactions,6.0,0.186541
CUST_0342,2,avg_corruption_index,79.333333,-0.182266
CUST_0342,3,avg_outflow,357.375,-0.172428
CUST_0343,1,num_international_transactions,0.0,-0.239713
CUST_0343,2,num_unique_counterparties,6.0,-0.163856
CUST_0343,3,num_unique_counterparties_6m,3.8769,-0.108904
CUST_0362,1,num_international_transactions,0.0,-0.338399
CUST_0362,2,num_unique_counterparties,7.0,-0.144956
CUST_0362,3,transaction_time_entropy,1.8883,-0.129251
CUST_0365,1,num_international_transactions,1.0,-0.363452
CUST_0365,2,num_unique_counterparties,6.0,-0.144057
CUST_0365,3,volume_deviation_ratio,-0.070155,-0.087204
CUST_0369,1,num_international_transactions,1.0,-0.434339
CUST_0369,2,decline_rate,0.0,-0.122247
CUST_0369,3,volume_deviation_ratio,-0.190078,-0.099509
CUST_0374,1,num_international_transactions,0.0,-0.310349
CUST_0374,2,num_unique_counterparties_6m,6.6453,-0.135072
CUST_0374,3,transaction_time_entropy,2.3335,-0.089125
CUST_0382,1,num_international_transactions,9.0,0.316813
CUST_0382,2,avg_outflow,750.215,-0.235311
CUST_0382,3,declined_volume,348.75,-0.148416
CUST_0386,1,num_international_transactions,1.0,-0.423101
CUST_0386,2,decline_rate,0.0,-0.128523
CUST_0386,3,volume_deviation_ratio,0.098027,-0.099509
CUST_0391,1,num_international_transactions,0.0,-0.251861
CUST_0391,2,num_unique_counterparties,8.0,-0.139269
CUST_0391,3,avg_outflow,4025.52,-0.071785
CUST_0394,1,num_international_transactions,0.0,-0.371249
CUST_0394,2,decline_rate,0.0,-0.113197
CUST_0394,3,declined_volume,0.0,-0.093602
CUST_0395,1,num_international_transactions,0.0,-0.322526
CUST_0395,2,num_unique_counterparties,8.0,-0.15349
CUST_0395,3,transaction_time_entropy,2.2325,-0.116823
CUST_0398,1,num_unique_counterparties,7.0,-0.229631
CUST_0398,2,num_international_transactions,0.0,-0.193946
CUST_0398,3,transaction_time_entropy,2.2789,-0.077537
CUST_0400,1,num_international_transactions,0.0,-0.321421
CUST_0400,2,num_unique_counterparties,7.0,-0.130698
CUST_0400,3,decline_rate,0.0,-0.099943
CUST_0409,1,num_international_transactions,0.0,-0.363534
CUST_0409,2,num_unique_counterparties,6.0,-0.326264
CUST_0409,3,num_unique_counterparties_6m,5.0774,-0.113262
CUST_0414,1,num_international_transactions,0.0,-0.351045
CUST_0414,2,num_unique_counterparties,5.0,-0.149866
CUST_0414,3,decline_rate,0.0,-0.094539
CUST_0415,1,num_international_transactions,0.0,-0.234982
CUST_0415,2,num_unique_counterparties,8.0,-0.147455
CUST_0415,3,decline_rate,0.0,-0.081571
CUST_0426,1,num_international_transactions,0.0,-0.227937
CUST_0426,2,num_unique_counterparties,8.0,-0.131995
CUST_0426,3,num_unique_counterparties_6m,7.4297,-0.113262
CUST_0431,1,avg_outflow,745.035,-0.159904
CUST_0431,2,max_transaction_amount,14900.0,-0.158186
CUST_0431,3,top_counterparty_share,0.461538,-0.157483
CUST_0435,1,num_international_transactions,0.0,-0.501171
CUST_0435,2,num_unique_counterparties,12.0,0.072421
CUST_0435,3,pct_international_transactions,0.0,-0.066752
CUST_0444,1,transaction_time_entropy,2.0263,-0.261743
CUST_0444,2,num_international_transactions,19.0,0.222307
CUST_0444,3,num_unique_counterparties,9.0,-0.179698
CUST_0451,1,num_international_transactions,1.0,-0.44775
CUST_0451,2,volume_deviation_ratio,0.68418,0.207647
CUST_0451,3,decline_rate,0.012658,-0.18985
CUST_0457,1,num_international_transactions,1.0,-0.267938
CUST_0457,2,decline_rate,0.0,-0.155293
CUST_0457,3,num_unique_counterparties,9.0,-0.139269
CUST_0458,1,num_international_transactions,13.0,0.355788
CUST_0458,2,decline_rate,0.0,-0.225481
CUST_0458,3,volume_deviation_ratio,0.124724,-0.145871
CUST_0461,1,num_international_transactions,0.0,-0.461722
CUST_0461,2,declined_volume,580.66,-0.102646
CUST_0461,3,volume_deviation_ratio,-0.027463,-0.083598
CUST_0462,1,num_international_transactions,5.0,0.430686
CUST_0462,2,num_unique_counterparties_6m,5.9894,-0.112499
CUST_0462,3,volume_deviation_ratio,0.110192,-0.112141
CUST_0466,1,transaction_time_entropy,2.1186,-0.36682
CUST_0466,2,decline_rate,0.011905,-0.179121
CUST_0466,3,cash_volume,2900.0,-0.154745
CUST_0473,1,num_international_transactions,1.0,-0.400782
CUST_0473,2,num_unique_counterparties,9.0,-0.149866
CUST_0473,3,declined_volume,303.48,-0.107407
CUST_0475,1,num_international_transactions,0.0,-0.464579
CUST_0475,2,num_unique_counterparties,7.0,-0.141535
CUST_0475,3,num_unique_counterparties_6m,6.3486,-0.069281
CUST_0476,1,num_international_transactions,0.0,-0.20699
CUST_0476,2,num_unique_counterparties,8.0,-0.139269
CUST_0476,3,transaction_time_entropy,1.7288,-0.084132
CUST_0480,1,num_international_transactions,0.0,-0.346878
CUST_0480,2,num_unique_counterparties,6.0,-0.139269
CUST_0480,3,decline_rate,0.0,-0.093033
CUST_0481,1,num_unique_counterparties,9.0,-0.313983
CUST_0481,2,num_international_transactions,0.0,-0.243189
CUST_0481,3,num_unique_counterparties_6m,6.4241,-0.108904
CUST_0482,1,num_international_transactions,0.0,-0.393274
CUST_0482,2,num_unique_counterparties,8.0,-0.146445
CUST_0482,3,decline_rate,0.0,-0.110925
CUST_0492,1,num_international_transactions,0.0,-0.269257
CUST_0492,2,num_unique_counterparties,9.0,-0.169068
CUST_0492,3,num_unique_counterparties_6m,4.1961,-0.087669
CUST_0521,1,num_international_transactions,0.0,-0.381363
CUST_0521,2,num_unique_counterparties,7.0,-0.149866
CUST_0521,3,num_unique_counterparties_6m,5.9811,-0.091129
CUST_0525,1,num_international_transactions,0.0,-0.272674
CUST_0525,2,declined_volume,230.61,-0.111066
CUST_0525,3,transaction_time_entropy,2.4847,-0.096559
CUST_0537,1,num_international_transactions,0.0,-0.277368
CUST_0537,2,num_unique_counterparties,6.0,-0.139269
CUST_0537,3,transaction_time_entropy,2.4405,-0.116823
CUST_0545,1,num_international_transactions,0.0,-0.357516
CUST_0545,2,num_unique_counterparties,8.0,-0.139269
CUST_0545,3,decline_rate,0.0,-0.093033
CUST_0552,1,num_international_transactions,0.0,-0.275101
CUST_0552,2,num_unique_counterparties,7.0,-0.126438
CUST_0552,3,num_unique_counterparties_6m,5.512,-0.118133
CUST_0556,1,num_international_transactions,0.0,-0.382264
CUST_0556,2,num_unique_counterparties,7.0,-0.185342
CUST_0556,3,num_unique_counterparties_6m,5.5024,-0.108904
CUST_0575,1,num_unique_counterparties,3.0,-0.2738
CUST_0575,2,num_international_transactions,0.0,-0.181879
CUST_0575,3,transaction_time_entropy,2.5,-0.077537
CUST_0576,1,num_international_transactions,1.0,-0.228518
CUST_0576,2,num_unique_counterparties,8.0,-0.142544
CUST_0576,3,transaction_time_entropy,2.321,-0.096559
CUST_0582,1,num_international_transactions,0.0,-0.234982
CUST_0582,2,num_unique_counterparties,7.0,-0.139269
CUST_0582,3,decline_rate,0.0,-0.078815
CUST_0589,1,num_international_transactions,0.0,-0.281884
CUST_0589,2,num_unique_counterparties,6.0,-0.142544
CUST_0589,3,decline_rate,0.0,-0.085232
CUST_0594,1,num_international_transactions,0.0,-0.31175
CUST_0594,2,num_unique_counterparties,9.0,-0.238288
CUST_0594,3,transaction_time_entropy,2.4493,-0.110229
CUST_0597,1,num_international_transactions,0.0,-0.330083
CUST_0597,2,avg_inflow,12333.5025,-0.12933
CUST_0597,3,decline_rate,0.011236,-0.124009
CUST_0603,1,avg_outflow,2089.9775,-0.22159
CUST_0603,2,count_deviation_ratio,0.270588,-0.130337
CUST_0603,3,decline_rate,0.025316,-0.115975
CUST_0605,1,num_international_transactions,7.0,0.306494
CUST_0605,2,avg_outflow,544.06,-0.281069
CUST_0605,3,volume_deviation_ratio,0.475654,0.15283
CUST_0611,1,avg_outflow,486.97,-0.223355
CUST_0611,2,avg_corruption_index,80.333333,-0.158122
CUST_0611,3,decline_rate,0.0,-0.153698
CUST_0620,1,avg_corruption_index,74.266667,-0.243676
CUST_0620,2,num_international_transactions,15.0,0.242154
CUST_0620,3,cash_volume,0.0,-0.188112
CUST_0624,1,num_international_transactions,1.0,-0.273869
CUST_0624,2,declined_volume,459.46,-0.156059
CUST_0624,3,volume_deviation_ratio,0.036627,-0.126538
CUST_0629,1,num_international_transactions,6.0,0.271092
CUST_0629,2,decline_rate,0.007874,-0.182051
CUST_0629,3,top_counterparty_share,0.418803,-0.153784
CUST_0632,1,num_unique_counterparties,8.0,-0.317258
CUST_0632,2,num_international_transactions,2.0,0.117734
CUST_0632,3,volume_deviation_ratio,-0.219371,-0.11313
CUST_0637,1,num_international_transactions,0.0,-0.293893
CUST_0637,2,decline_rate,0.0125,-0.198009
CUST_0637,3,transaction_time_entropy,2.4221,-0.144725
CUST_0638,1,avg_outflow,351.205,-0.250591
CUST_0638,2,avg_corruption_index,74.8,-0.186142
CUST_0638,3,num_international_transactions,5.0,0.1633
CUST_0648,1,avg_outflow,576.88,-0.23347
CUST_0648,2,avg_corruption_index,82.0,-0.163434
CUST_0648,3,decline_rate,0.0,-0.151335
CUST_0661,1,num_international_transactions,0.0,-0.274456
CUST_0661,2,num_unique_counterparties,8.0,-0.139269
CUST_0661,3,transaction_time_entropy,2.5305,-0.116823
CUST_0662,1,num_international_transactions,0.0,-0.288226
CUST_0662,2,num_unique_counterparties,9.0,-0.144956
CUST_0662,3,transaction_time_entropy,2.2784,-0.116823
CUST_0674,1,num_international_transactions,0.0,-0.244713
CUST_0674,2,num_unique_counterparties,3.0,-0.169068
CUST_0674,3,num_unique_counterparties_6m,1.666,-0.096032
CUST_0678,1,num_international_transactions,17.0,0.26586
CUST_0678,2,transaction_time_entropy,2.0531,-0.196243
CUST_0678,3,volume_deviation_ratio,0.12516,-0.136726
CUST_0687,1,num_international_transactions,0.0,-0.466304
CUST_0687,2,num_unique_counterparties,8.0,-0.149866
CUST_0687,3,decline_rate,0.012821,-0.071467
CUST_0692,1,num_international_transactions,0.0,-0.385421
CUST_0692,2,declined_volume,574.49,-0.152068
CUST_0692,3,transaction_time_entropy,2.3577,-0.116823
CUST_0703,1,num_international_transactions,1.0,-0.253157
CUST_0703,2,num_unique_counterparties,9.0,-0.127424
CUST_0703,3,volume_deviation_ratio,0.041166,-0.10641
CUST_0706,1,transaction_time_entropy,2.2996,-0.205649
CUST_0706,2,cash_volume,0.0,-0.160516
CUST_0706,3,count_deviation_ratio,0.064516,-0.132165
CUST_0708,1,num_international_transactions,0.0,-0.347966
CUST_0708,2,num_unique_counterparties,6.0,-0.139269
CUST_0708,3,decline_rate,0.0,-0.089372
CUST_0710,1,num_international_transactions,0.0,-0.298281
CUST_0710,2,num_unique_counterparties,9.0,-0.139269
CUST_0710,3,decline_rate,0.0,-0.087307
CUST_0716,1,num_international_transactions,0.0,-0.217967
CUST_0716,2,num_unique_counterparties,6.0,-0.147455
CUST_0716,3,decline_rate,0.0,-0.084385
CUST_0717,1,num_international_transactions,0.0,-0.395013
CUST_0717,2,decline_rate,0.013514,-0.117382
CUST_0717,3,transaction_time_entropy,2.3847,-0.116823
CUST_0721,1,num_international_transactions,0.0,-0.202543
CUST_0721,2,num_unique_counterparties,5.0,-0.139269
CUST_0721,3,transaction_time_entropy,2.1026,-0.084132
CUST_0724,1,num_international_transactions,0.0,-0.251861
CUST_0724,2,num_unique_counterparties,9.0,-0.136857
CUST_0724,3,pct_international_transactions,0.0,-0.092367
CUST_0728,1,num_international_transactions,1.0,-0.237925
CUST_0728,2,num_unique_counterparties,7.0,-0.132792
CUST_0728,3,volume_deviation_ratio,-0.041996,-0.087075
CUST_0733,1,num_international_transactions,0.0,-0.392758
CUST_0733,2,num_unique_counterparties,8.0,-0.149866
CUST_0733,3,num_unique_counterparties_6m,6.3641,-0.108904
CUST_0737,1,num_international_transactions,0.0,-0.508575
CUST_0737,2,decline_rate,0.0,-0.127415
CUST_0737,3,declined_volume,0.0,-0.089673
CUST_0746,1,num_international_transactions,1.0,-0.233748
CUST_0746,2,num_unique_counterparties,7.0,-0.204423
CUST_0746,3,num_unique_counterparties_6m,5.8051,-0.096032
CUST_0748,1,avg_corruption_index,74.142857,-0.306799
CUST_0748,2,num_international_transactions,14.0,0.294538
CUST_0748,3,num_unique_counterparties,33.0,0.119732
CUST_0765,1,num_international_transactions,0.0,-0.285172
CUST_0765,2,num_unique_counterparties,7.0,-0.182203
CUST_0765,3,avg_outflow,345.136667,-0.08389
CUST_0766,1,num_international_transactions,0.0,-0.271808
CUST_0766,2,num_unique_counterparties,6.0,-0.141535
CUST_0766,3,transaction_time_entropy,2.5193,-0.113402
CUST_0767,1,num_international_transactions,0.0,-0.222093
CUST_0767,2,num_unique_counterparties,9.0,-0.162566
CUST_0767,3,num_unique_counterparties_6m,7.2478,-0.108904
CUST_0769,1,num_international_transactions,1.0,-0.396312
CUST_0769,2,num_unique_counterparties,17.0,0.136724
CUST_0769,3,total_volume,1792378.23,-0.098545
CUST_0772,1,num_international_transactions,0.0,-0.208404
CUST_0772,2,num_unique_counterparties,6.0,-0.139269
CUST_0772,3,decline_rate,0.0,-0.086796
CUST_0799,1,transaction_time_entropy,2.4776,-0.219809
CUST_0799,2,decline_rate,0.012821,-0.178825
CUST_0799,3,declined_volume,106.0,-0.126366
CUST_0802,1,num_international_transactions,0.0,-0.29281
CUST_0802,2,decline_rate,0.015873,-0.126473
CUST_0802,3,transaction_time_entropy,1.987,-0.112034
CUST_0805,1,num_international_transactions,0.0,-0.360799
CUST_0805,2,num_unique_counterparties,6.0,-0.206821
CUST_0805,3,num_unique_counterparties_6m,6.9009,-0.113262
CUST_0824,1,num_international_transactions,1.0,-0.490913
CUST_0824,2,declined_volume,530.0,-0.151816
CUST_0824,3,decline_rate,0.025641,-0.122102
CUST_0829,1,num_international_transactions,0.0,-0.321682
CUST_0829,2,num_unique_counterparties,8.0,-0.144956
CUST_0829,3,transaction_time_entropy,1.1868,-0.129251
CUST_0833,1,avg_outflow,390.216667,-0.183888
CUST_0833,2,max_transaction_amount,31181.84,-0.158186
CUST_0833,3,volume_deviation_ratio,-0.201767,-0.121304
CUST_0835,1,num_international_transactions,0.0,-0.233047
CUST_0835,2,num_unique_counterparties,3.0,-0.147455
CUST_0835,3,decline_rate,0.0,-0.084385
CUST_0839,1,num_international_transactions,0.0,-0.256757
CUST_0839,2,num_unique_counterparties,4.0,-0.136857
CUST_0839,3,decline_rate,0.0,-0.079217
CUST_0840,1,num_international_transactions,1.0,-0.455065
CUST_0840,2,volume_deviation_ratio,-0.094737,-0.102817
CUST_0840,3,declined_volume,461.65,-0.100483
CUST_0845,1,decline_rate,0.005128,-0.143801
CUST_0845,2,total_transactions,194.0,-0.127797
CUST_0845,3,max_transaction_amount,31415.81,-0.117825
CUST_0850,1,num_international_transactions,0.0,-0.327829
CUST_0850,2,num_unique_counterparties,9.0,-0.168758
CUST_0850,3,transaction_time_entropy,1.9447,-0.12583
CUST_0856,1,num_international_transactions,5.0,0.425454
CUST_0856,2,decline_rate,0.013889,-0.152595
CUST_0856,3,volume_deviation_ratio,0.037776,-0.129069
CUST_0882,1,num_international_transactions,0.0,-0.218777
CUST_0882,2,num_unique_counterparties,4.0,-0.19829
CUST_0882,3,num_unique_counterparties_6m,4.8551,-0.112499
CUST_0889,1,num_international_transactions,0.0,-0.486037
CUST_0889,2,decline_rate,0.016393,-0.134126
CUST_0889,3,num_unique_countries,0.0,-0.077144
CUST_0895,1,num_international_transactions,0.0,-0.367597
CUST_0895,2,num_unique_counterparties,8.0,-0.20766
CUST_0895,3,num_unique_counterparties_6m,4.6705,-0.108904
CUST_0900,1,num_international_transactions,0.0,-0.387993
CUST_0900,2,num_unique_counterparties,6.0,-0.178927
CUST_0900,3,num_unique_counterparties_6m,3.4654,-0.069865
CUST_0908,1,num_international_transactions,1.0,-0.394243
CUST_0908,2,num_unique_counterparties,9.0,-0.146445
CUST_0908,3,decline_rate,0.0,-0.116643
CUST_0913,1,num_international_transactions,0.0,-0.321168
CUST_0913,2,num_unique_counterparties,7.0,-0.139269
CUST_0913,3,transaction_time_entropy,2.2638,-0.116823
CUST_0919,1,num_international_transactions,0.0,-0.244741
CUST_0919,2,num_unique_counterparties,5.0,-0.191261
CUST_0919,3,num_unique_counterparties_6m,5.2332,-0.108904
CUST_0920,1,num_unique_counterparties,9.0,-0.313983
CUST_0920,2,num_international_transactions,0.0,-0.231467
CUST_0920,3,num_unique_counterparties_6m,7.9143,-0.108904
CUST_0930,1,num_international_transactions,0.0,-0.392465
CUST_0930,2,num_unique_counterparties,8.0,-0.177089
CUST_0930,3,num_unique_counterparties_6m,4.5931,-0.135072
CUST_0936,1,avg_outflow,4540.426,-0.179774
CUST_0936,2,num_unique_counterparties,9.0,-0.145865
CUST_0936,3,num_international_transactions,2.0,0.126803
CUST_0942,1,num_international_transactions,1.0,-0.252724
CUST_0942,2,num_unique_counterparties,9.0,-0.239265
CUST_0942,3,num_unique_counterparties_6m,7.076,-0.117583
CUST_0944,1,transaction_time_entropy,2.3757,-0.270812
CUST_0944,2,decline_rate,0.006135,-0.231797
CUST_0944,3,num_international_transactions,5.0,0.21358
CUST_0948,1,num_unique_counterparties,8.0,-0.319196
CUST_0948,2,num_international_transactions,1.0,-0.186509
CUST_0948,3,num_unique_counterparties_6m,5.6501,-0.135072
CUST_0951,1,num_international_transactions,0.0,-0.396504
CUST_0951,2,num_unique_counterparties,8.0,-0.141535
CUST_0951,3,decline_rate,0.011364,-0.097886
CUST_0958,1,num_international_transactions,0.0,-0.371766
CUST_0958,2,volume_change_ratio,1.031296,0.228659
CUST_0958,3,volume_deviation_ratio,1.074514,0.172968
CUST_0961,1,num_international_transactions,1.0,-0.360845
CUST_0961,2,decline_rate,0.0,-0.145861
CUST_0961,3,num_unique_counterparties,4.0,-0.140434
CUST_0965,1,num_international_transactions,0.0,-0.261217
CUST_0965,2,decline_rate,0.0,-0.139569
CUST_0965,3,num_unique_counterparties,6.0,-0.139269
CUST_0968,1,num_international_transactions,0.0,-0.368359
CUST_0968,2,num_unique_counterparties,6.0,-0.167477
CUST_0968,3,num_unique_counterparties_6m,7.0764,-0.069865
CUST_0973,1,avg_outflow,3783.912,-0.141793
CUST_0973,2,decline_rate,0.005747,-0.128841
CUST_0973,3,volume_deviation_ratio,0.031234,-0.121339
CUST_0976,1,num_international_transactions,0.0,-0.385199
CUST_0976,2,num_unique_counterparties,6.0,-0.139269
CUST_0976,3,volume_deviation_ratio,-0.118332,-0.073653
CUST_0977,1,num_international_transactions,0.0,-0.253605
CUST_0977,2,num_unique_counterparties,9.0,-0.151078
CUST_0977,3,avg_inflow,5880.765,-0.128821
CUST_0982,1,num_international_transactions,0.0,-0.305295
CUST_0982,2,num_unique_counterparties_6m,7.298,-0.148915
CUST_0982,3,num_unique_counterparties,15.0,0.133673
CUST_0983,1,num_international_transactions,3.0,0.242131
CUST_0983,2,num_unique_counterparties,8.0,-0.239881
CUST_0983,3,max_transaction_amount,31699.62,-0.117825
CUST_0985,1,num_international_transactions,0.0,-0.296406
CUST_0985,2,num_unique_counterparties,8.0,-0.128286
CUST_0985,3,decline_rate,0.00565,-0.086127
CUST_0991,1,num_international_transactions,9.0,0.314164
CUST_0991,2,avg_outflow,452.913333,-0.195958
CUST_0991,3,cash_volume,200.0,-0.188112
CUST_0994,1,num_international_transactions,1.0,-0.403686
CUST_0994,2,decline_rate,0.0,-0.219397
CUST_0994,3,volume_deviation_ratio,0.301868,-0.102012
CUST_1001,1,num_international_transactions,0.0,-0.196192
CUST_1001,2,num_unique_counterparties,8.0,-0.139269
CUST_1001,3,transaction_time_entropy,2.0883,-0.084132
CUST_1011,1,num_international_transactions,0.0,-0.25935
CUST_1011,2,num_unique_counterparties,7.0,-0.149866
CUST_1011,3,transaction_time_entropy,2.4624,-0.116823
CUST_1012,1,num_unique_counterparties,7.0,-0.28608
CUST_1012,2,num_international_transactions,0.0,-0.239226
CUST_1012,3,num_unique_counterparties_6m,4.9528,-0.105689
CUST_1016,1,num_international_transactions,1.0,-0.313668
CUST_1016,2,top_counterparty_share,0.315789,-0.120902
CUST_1016,3,volume_deviation_ratio,-0.164281,-0.096823
CUST_1017,1,transaction_time_entropy,1.6331,-0.298845
CUST_1017,2,decline_rate,0.013158,-0.117382
CUST_1017,3,declined_volume,344.73,-0.108397
CUST_1031,1,num_international_transactions,0.0,-0.231464
CUST_1031,2,num_unique_counterparties,7.0,-0.134359
CUST_1031,3,transaction_time_entropy,2.0391,-0.096559
CUST_1037,1,num_international_transactions,1.0,-0.203621
CUST_1037,2,num_unique_counterparties,7.0,-0.132051
CUST_1037,3,volume_deviation_ratio,0.064413,-0.085549
CUST_1039,1,num_international_transactions,0.0,-0.213383
CUST_1039,2,num_unique_counterparties,7.0,-0.131995
CUST_1039,3,transaction_time_entropy,2.2508,-0.084132
CUST_1041,1,num_international_transactions,0.0,-0.239607
CUST_1041,2,num_unique_counterparties,8.0,-0.136857
CUST_1041,3,avg_outflow,351.06,-0.08389
CUST_1042,1,num_international_transactions,0.0,-0.445126
CUST_1042,2,num_unique_counterparties,17.0,0.131369
CUST_1042,3,decline_rate,0.023529,-0.120424
CUST_1045,1,num_international_transactions,0.0,-0.236052
CUST_1045,2,num_unique_counterparties,8.0,-0.134359
CUST_1045,3,decline_rate,0.0,-0.083983
CUST_1059,1,transaction_time_entropy,2.2338,-0.36682
CUST_1059,2,declined_volume,67.95,-0.159083
CUST_1059,3,decline_rate,0.0375,-0.12367
CUST_1074,1,num_international_transactions,5.0,0.319699
CUST_1074,2,volume_deviation_ratio,0.229688,-0.119723
CUST_1074,3,max_transaction_amount,39374.55,-0.117825
CUST_1076,1,num_international_transactions,0.0,-0.25387
CUST_1076,2,num_unique_counterparties,4.0,-0.187113
CUST_1076,3,num_unique_counterparties_6m,2.974,-0.080318
CUST_1078,1,avg_outflow,1643.375,-0.195251
CUST_1078,2,avg_corruption_index,81.25,-0.174068
CUST_1078,3,num_unique_counterparties,22.0,0.103871
CUST_1082,1,num_international_transactions,1.0,-0.327704
CUST_1082,2,declined_volume,445.63,-0.161595
CUST_1082,3,volume_deviation_ratio,-0.055046,-0.12061
CUST_1086,1,num_international_transactions,7.0,0.30912
CUST_1086,2,cash_volume,0.0,-0.203564
CUST_1086,3,avg_outflow,1163.0825,-0.196611
CUST_1109,1,num_international_transactions,1.0,-0.379009
CUST_1109,2,num_unique_counterparties,8.0,-0.238288
CUST_1109,3,num_unique_counterparties_6m,4.0078,-0.113262
CUST_1139,1,num_international_transactions,0.0,-0.252296
CUST_1139,2,decline_rate,0.008929,-0.189099
CUST_1139,3,transaction_time_entropy,2.1529,-0.137185
CUST_1140,1,num_international_transactions,18.0,0.312442
CUST_1140,2,top_counterparty_share,0.295082,-0.193558
CUST_1140,3,num_unique_counterparties,9.0,-0.177018
CUST_1150,1,num_international_transactions,0.0,-0.290706
CUST_1150,2,num_unique_counterparties,8.0,-0.185342
CUST_1150,3,num_unique_counterparties_6m,4.0007,-0.135072
CUST_1158,1,num_international_transactions,0.0,-0.367597
CUST_1158,2,num_unique_counterparties,6.0,-0.167477
CUST_1158,3,num_unique_counterparties_6m,3.1301,-0.069865
CUST_1160,1,num_international_transactions,0.0,-0.207914
CUST_1160,2,num_unique_counterparties,6.0,-0.139269
CUST_1160,3,transaction_time_entropy,2.2108,-0.084132
CUST_1161,1,num_international_transactions,0.0,-0.16775
CUST_1161,2,declined_count,5.0,0.159414
CUST_1161,3,avg_inflow,9471.186667,-0.123253
CUST_1166,1,num_international_transactions,6.0,0.250397
CUST_1166,2,transaction_time_entropy,2.515,-0.213638
CUST_1166,3,decline_rate,0.0,-0.200695
CUST_1169,1,num_international_transactions,1.0,-0.32248
CUST_1169,2,num_unique_counterparties,9.0,-0.287936
CUST_1169,3,transaction_time_entropy,1.9902,-0.103056
CUST_1185,1,num_international_transactions,5.0,0.258374
CUST_1185,2,avg_corruption_index,80.2,-0.231123
CUST_1185,3,cash_volume,1000.0,-0.206107
CUST_1186,1,num_international_transactions,0.0,-0.287373
CUST_1186,2,num_unique_counterparties,8.0,-0.264065
CUST_1186,3,num_unique_counterparties_6m,4.8428,-0.108904
CUST_1187,1,transaction_time_entropy,2.4099,-0.289671
CUST_1187,2,volume_deviation_ratio,0.181666,-0.134541
CUST_1187,3,total_transactions,197.0,-0.131101
CUST_1196,1,num_international_transactions,0.0,-0.275705
CUST_1196,2,decline_rate,0.005882,-0.144067
CUST_1196,3,num_unique_counterparties,8.0,-0.128286
CUST_0000,1,num_international_transactions,5.0,0.281777
CUST_0000,2,avg_corruption_index,78.4,-0.243676
CUST_0000,3,avg_outflow,456.666667,-0.143014
CUST_0001,1,num_international_transactions,0.0,-0.314946
CUST_0001,2,decline_rate,0.006452,-0.210487
CUST_0001,3,transaction_time_entropy,1.9788,-0.118352
CUST_0004,1,num_international_transactions,0.0,-0.418851
CUST_0004,2,num_unique_counterparties,8.0,-0.149866
CUST_0004,3,pct_international_transactions,0.0,-0.075282
CUST_0006,1,num_international_transactions,8.0,0.352814
CUST_0006,2,avg_outflow,579.4125,-0.232511
CUST_0006,3,cash_volume,0.0,-0.203564
CUST_0007,1,avg_outflow,198.833333,-0.264563
CUST_0007,2,avg_corruption_index,76.636364,-0.243676
CUST_0007,3,num_international_transactions,11.0,0.219088
CUST_0008,1,num_international_transactions,0.0,-0.347966
CUST_0008,2,num_unique_counterparties,7.0,-0.149866
CUST_0008,3,decline_rate,0.0,-0.094539
CUST_0009,1,num_international_transactions,0.0,-0.253054
CUST_0009,2,num_unique_counterparties,6.0,-0.15349
CUST_0009,3,num_unique_counterparties_6m,5.1671,-0.074223
CUST_0010,1,num_international_transactions,0.0,-0.240606
CUST_0010,2,num_unique_counterparties,6.0,-0.136857
CUST_0010,3,decline_rate,0.0,-0.079217
CUST_0013,1,avg_outflow,924.575,-0.289291
CUST_0013,2,num_international_transactions,6.0,0.287785
CUST_0013,3,declined_volume,501.22,-0.171768
CUST_0015,1,num_international_transactions,0.0,-0.452748
CUST_0015,2,num_unique_counterparties_6m,6.5609,-0.121941
CUST_0015,3,cash_transaction_count,6.0,-0.084114
CUST_0017,1,num_international_transactions,0.0,-0.218492
CUST_0017,2,num_unique_counterparties,8.0,-0.151078
CUST_0017,3,transaction_time_entropy,2.5052,-0.084132
CUST_0018,1,num_international_transactions,5.0,0.245226
CUST_0018,2,avg_outflow,977.988,-0.188054
CUST_0018,3,volume_deviation_ratio,-0.097779,-0.156292
CUST_0021,1,num_international_transactions,0.0,-0.24305
CUST_0021,2,num_unique_counterparties,7.0,-0.139269
CUST_0021,3,transaction_time_entropy,1.8695,-0.116823
CUST_0026,1,num_international_transactions,0.0,-0.196192
CUST_0026,2,num_unique_counterparties,8.0,-0.139269
CUST_0026,3,decline_rate,0.0,-0.087307
CUST_0028,1,num_international_transactions,19.0,0.336169
CUST_0028,2,num_unique_counterparties,8.0,-0.20082
CUST_0028,3,top_counterparty_share,0.375,-0.146803
CUST_0029,1,transaction_time_entropy,2.4387,-0.205649
CUST_0029,2,avg_outflow,4519.276667,-0.113763
CUST_0029,3,top_counterparty_share,0.27027,-0.10625
CUST_0037,1,num_international_transactions,0.0,-0.212343
CUST_0037,2,num_unique_counterparties,9.0,-0.136857
CUST_0037,3,transaction_time_entropy,1.983,-0.084132
CUST_0038,1,num_international_transactions,0.0,-0.4259
CUST_0038,2,declined_count,4.0,0.119394
CUST_0038,3,volume_change_ratio,0.031431,-0.05754
CUST_0040,1,num_international_transactions,0.0,-0.243864
CUST_0040,2,num_unique_counterparties,7.0,-0.167477
CUST_0040,3,num_unique_counterparties_6m,3.9448,-0.074223
CUST_0042,1,num_international_transactions,0.0,-0.480466
CUST_0042,2,num_unique_counterparties_6m,5.2118,-0.121941
CUST_0042,3,num_unique_countries,0.0,-0.077144
CUST_0044,1,num_international_transactions,0.0,-0.243714
CUST_0044,2,num_unique_counterparties,8.0,-0.20766
CUST_0044,3,num_unique_counterparties_6m,7.0369,-0.118384
CUST_0045,1,num_international_transactions,10.0,0.294254
CUST_0045,2,avg_outflow,377.84,-0.235311
CUST_0045,3,cash_volume,0.0,-0.203564
CUST_0046,1,num_international_transactions,0.0,-0.261961
CUST_0046,2,num_unique_counterparties,5.0,-0.148579
CUST_0046,3,num_unique_counterparties_6m,3.6451,-0.135072
CUST_0050,1,num_unique_counterparties,4.0,-0.241911
CUST_0050,2,num_international_transactions,0.0,-0.236144
CUST_0050,3,num_unique_counterparties_6m,2.4279,-0.096032
CUST_0058,1,num_international_transactions,0.0,-0.298109
CUST_0058,2,avg_inflow,11514.64,-0.183777
CUST_0058,3,transaction_time_entropy,2.1784,-0.084132
CUST_0059,1,num_international_transactions,0.0,-0.356706
CUST_0059,2,num_unique_counterparties,9.0,-0.139269
CUST_0059,3,decline_rate,0.0,-0.087314
CUST_0061,1,num_international_transactions,0.0,-0.233894
CUST_0061,2,num_unique_counterparties,3.0,-0.139269
CUST_0061,3,decline_rate,0.0,-0.082476
CUST_0062,1,num_international_transactions,0.0,-0.233047
CUST_0062,2,num_unique_counterparties,3.0,-0.147455
CUST_0062,3,decline_rate,0.0,-0.084385
CUST_0064,1,num_international_transactions,6.0,0.259704
CUST_0064,2,avg_outflow,3299.41,-0.223136
CUST_0064,3,top_counterparty_share,0.285714,-0.186577
CUST_0065,1,num_international_transactions,0.0,-0.20333
CUST_0065,2,num_unique_counterparties,7.0,-0.163856
CUST_0065,3,transaction_time_entropy,2.0982,-0.077537
CUST_0066,1,num_international_transactions,0.0,-0.240606
CUST_0066,2,num_unique_counterparties,5.0,-0.136857
CUST_0066,3,decline_rate,0.0,-0.079217
CUST_0068,1,num_unique_counterparties,7.0,-0.229631
CUST_0068,2,num_international_transactions,0.0,-0.205946
CUST_0068,3,num_unique_counterparties_6m,3.7059,-0.096032
CUST_0069,1,num_international_transactions,2.0,0.166206
CUST_0069,2,volume_deviation_ratio,-0.005164,-0.123155
CUST_0069,3,max_transaction_amount,9821.13,-0.117825
CUST_0070,1,num_international_transactions,0.0,-0.392173
CUST_0070,2,num_unique_counterparties,9.0,-0.144215
CUST_0070,3,decline_rate,0.009615,-0.114169
CUST_0071,1,num_international_transactions,1.0,-0.321611
CUST_0071,2,transaction_time_entropy,2.1081,-0.114172
CUST_0071,3,volume_deviation_ratio,-0.108586,-0.103649
CUST_0072,1,avg_outflow,4155.92,-0.196974
CUST_0072,2,max_transaction_amount,38850.61,-0.158186
CUST_0072,3,volume_deviation_ratio,0.309626,-0.116197
CUST_0074,1,num_international_transactions,0.0,-0.233666
CUST_0074,2,num_unique_counterparties,6.0,-0.142544
CUST_0074,3,transaction_time_entropy,2.189,-0.096559
CUST_0075,1,num_international_transactions,0.0,-0.297253
CUST_0075,2,num_unique_counterparties,7.0,-0.128286
CUST_0075,3,decline_rate,0.011111,-0.086974
CUST_0076,1,num_international_transactions,0.0,-0.365234
CUST_0076,2,num_unique_counterparties,7.0,-0.149866
CUST_0076,3,decline_rate,0.0,-0.0982
CUST_0077,1,num_international_transactions,8.0,0.287277
CUST_0077,2,decline_rate,0.0,-0.207518
CUST_0077,3,top_counterparty_share,0.255319,-0.128701
CUST_0078,1,num_international_transactions,0.0,-0.244741
CUST_0078,2,num_unique_counterparties,6.0,-0.147455
CUST_0078,3,avg_outflow,1949.89,-0.08389
CUST_0081,1,num_international_transactions,0.0,-0.428089
CUST_0081,2,avg_inflow,11181.12,-0.183777
CUST_0081,3,decline_rate,0.017241,-0.078543
CUST_0082,1,decline_rate,0.009709,-0.233027
CUST_0082,2,volume_deviation_ratio,-0.153165,-0.150895
CUST_0082,3,total_transactions,102.0,-0.127797
CUST_0083,1,num_international_transactions,0.0,-0.288443
CUST_0083,2,num_unique_counterparties,9.0,-0.139269
CUST_0083,3,pct_international_transactions,0.0,-0.092367
CUST_0086,1,num_international_transactions,7.0,0.380623
CUST_0086,2,decline_rate,0.011765,-0.226768
CUST_0086,3,declined_volume,304.0,-0.113743
CUST_0087,1,num_international_transactions,0.0,-0.213727
CUST_0087,2,num_unique_counterparties,8.0,-0.139269
CUST_0087,3,transaction_time_entropy,2.2229,-0.084132
CUST_0088,1,num_international_transactions,1.0,-0.347966
CUST_0088,2,num_unique_counterparties,9.0,-0.149866
CUST_0088,3,decline_rate,0.0,-0.094539
CUST_0091,1,num_international_transactions,6.0,0.293923
CUST_0091,2,avg_corruption_index,73.0,-0.20514
CUST_0091,3,top_counterparty_share,0.292683,-0.193558
CUST_0092,1,num_international_transactions,0.0,-0.411341
CUST_0092,2,decline_rate,0.02381,-0.103916
CUST_0092,3,cash_volume,0.0,-0.102795
CUST_0095,1,num_international_transactions,6.0,0.241151
CUST_0095,2,avg_outflow,2874.365,-0.215163
CUST_0095,3,decline_rate,0.0,-0.184016
CUST_0096,1,num_international_transactions,0.0,-0.234982
CUST_0096,2,num_unique_counterparties,4.0,-0.144033
CUST_0096,3,decline_rate,0.0,-0.083313
CUST_0097,1,num_international_transactions,0.0,-0.308841
CUST_0097,2,num_unique_counterparties,7.0,-0.170986
CUST_0097,3,num_unique_counterparties_6m,5.3697,-0.108904
CUST_0098,1,num_international_transactions,0.0,-0.381195
CUST_0098,2,num_unique_counterparties,7.0,-0.149866
CUST_0098,3,num_unique_counterparties_6m,4.879,-0.108904
CUST_0102,1,num_international_transactions,0.0,-0.246485
CUST_0102,2,num_unique_counterparties,5.0,-0.136857
CUST_0102,3,avg_outflow,704.755,-0.083805
CUST_0107,1,num_international_transactions,0.0,-0.424715
CUST_0107,2,decline_rate,0.008547,-0.236554
CUST_0107,3,num_unique_counterparties,18.0,0.14389
CUST_0108,1,num_international_transactions,1.0,-0.305525
CUST_0108,2,decline_rate,0.0,-0.129897
CUST_0108,3,declined_volume,0.0,-0.110657
CUST_0111,1,num_international_transactions,0.0,-0.230245
CUST_0111,2,num_unique_counterparties,8.0,-0.144956
CUST_0111,3,transaction_time_entropy,2.2082,-0.096559
CUST_0118,1,num_international_transactions,0.0,-0.244139
CUST_0118,2,num_unique_counterparties,8.0,-0.139269
CUST_0118,3,transaction_time_entropy,1.9034,-0.116823
CUST_0119,1,num_international_transactions,69.0,0.289318
CUST_0119,2,top_counterparty_share,0.519685,-0.193558
CUST_0119,3,decline_rate,0.006897,-0.190124
CUST_0120,1,num_international_transactions,0.0,-0.235473
CUST_0120,2,num_unique_counterparties,6.0,-0.149866
CUST_0120,3,decline_rate,0.0,-0.086796
CUST_0124,1,num_international_transactions,1.0,-0.464375
CUST_0124,2,avg_corruption_index,73.0,-0.134539
CUST_0124,3,num_unique_counterparties_6m,8.0708,-0.108904
CUST_0126,1,transaction_time_entropy,2.3843,-0.317704
CUST_0126,2,volume_deviation_ratio,0.638659,0.14524
CUST_0126,3,num_international_transactions,4.0,0.144596
CUST_0129,1,num_international_transactions,0.0,-0.363177
CUST_0129,2,num_unique_counterparties,6.0,-0.149866
CUST_0129,3,decline_rate,0.0,-0.096143
CUST_0133,1,num_international_transactions,1.0,-0.197262
CUST_0133,2,num_unique_counterparties,6.0,-0.134359
CUST_0133,3,volume_deviation_ratio,-0.199371,-0.092871
CUST_0134,1,num_international_transactions,0.0,-0.280248
CUST_0134,2,num_unique_counterparties,9.0,-0.177089
CUST_0134,3,transaction_time_entropy,1.8166,-0.116823
CUST_0138,1,num_international_transactions,6.0,0.2973
CUST_0138,2,avg_outflow,794.503333,-0.259968
CUST_0138,3,cash_volume,0.0,-0.203564
CUST_0139,1,num_international_transactions,0.0,-0.317903
CUST_0139,2,avg_inflow,10283.555,-0.183985
CUST_0139,3,transaction_time_entropy,2.48,-0.110229
CUST_0140,1,num_international_transactions,0.0,-0.189768
CUST_0140,2,num_unique_counterparties,5.0,-0.169237
CUST_0140,3,transaction_time_entropy,2.4533,-0.084132
CUST_0142,1,num_unique_counterparties,9.0,-0.138279
CUST_0142,2,num_international_transactions,2.0,0.1269
CUST_0142,3,volume_deviation_ratio,-0.085306,-0.109058
CUST_0143,1,num_international_transactions,0.0,-0.243222
CUST_0143,2,num_unique_counterparties,7.0,-0.149866
CUST_0143,3,transaction_time_entropy,2.3708,-0.116823
CUST_0145,1,num_international_transactions,0.0,-0.412234
CUST_0145,2,num_unique_counterparties,7.0,-0.191351
CUST_0145,3,num_unique_counterparties_6m,5.9767,-0.113262
CUST_0147,1,num_international_transactions,1.0,-0.242531
CUST_0147,2,num_unique_counterparties,8.0,-0.143389
CUST_0147,3,avg_outflow,1718.86,-0.097407
CUST_0148,1,num_unique_counterparties,8.0,-0.241911
CUST_0148,2,num_international_transactions,0.0,-0.193946
CUST_0148,3,transaction_time_entropy,2.1201,-0.077537
CUST_0149,1,num_international_transactions,0.0,-0.266376
CUST_0149,2,num_unique_counterparties,7.0,-0.144956
CUST_0149,3,transaction_time_entropy,2.532,-0.129251
CUST_0153,1,num_international_transactions,0.0,-0.251624
CUST_0153,2,num_unique_counterparties,5.0,-0.136857
CUST_0153,3,decline_rate,0.0,-0.079217
CUST_0154,1,num_international_transactions,0.0,-0.215091
CUST_0154,2,num_unique_counterparties,6.0,-0.147455
CUST_0154,3,transaction_time_entropy,2.1975,-0.096559
CUST_0155,1,avg_corruption_index,71.0,-0.205572
CUST_0155,2,num_unique_counterparties,18.0,0.141308
CUST_0155,3,top_counterparty_share,0.315789,-0.117047
CUST_0159,1,num_international_transactions,12.0,0.247218
CUST_0159,2,cash_volume,0.0,-0.203564
CUST_0159,3,decline_rate,0.0,-0.200695
CUST_0161,1,num_international_transactions,1.0,-0.361491
CUST_0161,2,num_unique_counterparties_6m,6.3899,-0.112461
CUST_0161,3,total_transactions,90.0,-0.110588
CUST_0163,1,num_international_transactions,18.0,0.337096
CUST_0163,2,num_unique_counterparties,7.0,-0.20082
CUST_0163,3,top_counterparty_share,0.295082,-0.146803
CUST_0166,1,num_international_transactions,6.0,0.249388
CUST_0166,2,avg_outflow,222.484,-0.23347
CUST_0166,3,decline_rate,0.0,-0.19146
CUST_0170,1,num_international_transactions,0.0,-0.230992
CUST_0170,2,num_unique_counterparties,3.0,-0.226008
CUST_0170,3,avg_outflow,545.3,-0.08828
CUST_0171,1,num_unique_counterparties,6.0,-0.313983
CUST_0171,2,num_international_transactions,0.0,-0.220669
CUST_0171,3,num_unique_counterparties_6m,5.2676,-0.108904
CUST_0177,1,num_international_transactions,0.0,-0.379816
CUST_0177,2,num_unique_counterparties,7.0,-0.139269
CUST_0177,3,volume_deviation_ratio,0.107337,-0.073653
CUST_0179,1,transaction_time_entropy,2.4688,-0.308504
CUST_0179,2,top_counterparty_share,0.657534,-0.198223
CUST_0179,3,num_international_transactions,50.0,0.184127
CUST_0180,1,num_international_transactions,3.0,0.272648
CUST_0180,2,volume_change_ratio,5.585341,0.215638
CUST_0180,3,volume_deviation_ratio,5.166057,0.166666
CUST_0183,1,num_international_transactions,1.0,-0.377364
CUST_0183,2,num_unique_counterparties,9.0,-0.227691
CUST_0183,3,volume_deviation_ratio,-0.083165,-0.084499
CUST_0185,1,avg_outflow,4248.345,-0.256678
CUST_0185,2,volume_deviation_ratio,0.084291,-0.128236
CUST_0185,3,num_international_transactions,3.0,0.123199
CUST_0189,1,num_international_transactions,11.0,0.366007
CUST_0189,2,volume_deviation_ratio,1.587097,0.166666
CUST_0189,3,avg_outflow,39170.84,0.091835
CUST_0193,1,num_international_transactions,1.0,-0.329971
CUST_0193,2,decline_rate,0.012346,-0.171625
CUST_0193,3,volume_deviation_ratio,-0.091771,-0.124727
CUST_0194,1,num_international_transactions,0.0,-0.230447
CUST_0194,2,num_unique_counterparties,8.0,-0.188763
CUST_0194,3,num_unique_counterparties_6m,4.4638,-0.134308
CUST_0195,1,num_international_transactions,0.0,-0.245911
CUST_0195,2,num_unique_counterparties,8.0,-0.172179
CUST_0195,3,transaction_time_entropy,2.1721,-0.096559
CUST_0197,1,num_international_transactions,4.0,0.203366
CUST_0197,2,volume_change_ratio,28631.277498,0.151018
CUST_0197,3,volume_deviation_ratio,31074.82194,0.137472
CUST_0199,1,num_international_transactions,0.0,-0.267832
CUST_0199,2,num_unique_counterparties,7.0,-0.149866
CUST_0199,3,decline_rate,0.014085,-0.086364
CUST_0200,1,num_international_transactions,5.0,0.276742
CUST_0200,2,decline_rate,0.005917,-0.225481
CUST_0200,3,volume_deviation_ratio,-0.253617,-0.156292
CUST_0204,1,num_international_transactions,0.0,-0.489248
CUST_0204,2,num_unique_counterparties_6m,7.1914,-0.113224
CUST_0204,3,volume_deviation_ratio,-0.119581,-0.076738
CUST_0205,1,num_international_transactions,0.0,-0.351045
CUST_0205,2,num_unique_counterparties,6.0,-0.139269
CUST_0205,3,decline_rate,0.0,-0.094539
CUST_0207,1,avg_outflow,3466.75,-0.255244
CUST_0207,2,count_deviation_ratio,0.2,-0.130337
CUST_0207,3,decline_rate,0.033708,-0.125211
CUST_0208,1,num_international_transactions,0.0,-0.246439
CUST_0208,2,num_unique_counterparties,6.0,-0.227691
CUST_0208,3,pct_international_transactions,0.0,-0.075282
CUST_0210,1,num_international_transactions,8.0,0.290822
CUST_0210,2,avg_corruption_index,74.5,-0.243676
CUST_0210,3,avg_outflow,2182.92,-0.160033
CUST_0214,1,num_international_transactions,0.0,-0.302991
CUST_0214,2,decline_rate,0.0,-0.26203
CUST_0214,3,num_unique_counterparties,17.0,0.124109
CUST_0218,1,num_international_transactions,4.0,0.192459
CUST_0218,2,cash_volume,0.0,-0.129153
CUST_0218,3,volume_deviation_ratio,-0.063256,-0.124121
CUST_0219,1,num_unique_counterparties,9.0,-0.171668
CUST_0219,2,num_international_transactions,2.0,0.126616
CUST_0219,3,top_counterparty_share,0.266667,-0.110065
CUST_0220,1,num_international_transactions,0.0,-0.304602
CUST_0220,2,num_unique_counterparties,9.0,-0.136905
CUST_0220,3,transaction_time_entropy,2.2766,-0.084132
CUST_0221,1,num_international_transactions,0.0,-0.322538
CUST_0221,2,transaction_time_entropy,2.3542,-0.116823
CUST_0221,3,volume_deviation_ratio,-0.000575,-0.086174
CUST_0222,1,num_international_transactions,0.0,-0.405276
CUST_0222,2,decline_rate,0.0,-0.127415
CUST_0222,3,declined_volume,0.0,-0.091835
CUST_0224,1,num_unique_counterparties,9.0,-0.176998
CUST_0224,2,num_international_transactions,2.0,0.113367
CUST_0224,3,top_counterparty_share,0.266667,-0.110065
CUST_0231,1,num_international_transactions,0.0,-0.276448
CUST_0231,2,num_unique_counterparties,8.0,-0.139269
CUST_0231,3,transaction_time_entropy,1.7076,-0.116823
CUST_0234,1,num_international_transactions,0.0,-0.276517
CUST_0234,2,num_unique_counterparties,9.0,-0.139123
CUST_0234,3,decline_rate,0.0,-0.082466
CUST_0235,1,num_international_transactions,13.0,0.371232
CUST_0235,2,volume_deviation_ratio,1.354086,0.236765
CUST_0235,3,decline_rate,0.0,-0.234829
CUST_0237,1,num_international_transactions,15.0,0.401285
CUST_0237,2,volume_deviation_ratio,3.66431,0.210607
CUST_0237,3,decline_rate,0.015385,-0.134371
CUST_0239,1,num_international_transactions,0.0,-0.325462
CUST_0239,2,num_unique_counterparties,5.0,-0.241911
CUST_0239,3,num_unique_counterparties_6m,2.732,-0.123661
CUST_0242,1,num_international_transactions,1.0,-0.240606
CUST_0242,2,num_unique_counterparties,8.0,-0.161786
CUST_0242,3,volume_deviation_ratio,0.195836,-0.085824
CUST_0244,1,num_international_transactions,0.0,-0.371562
CUST_0244,2,decline_rate,0.0,-0.145223
CUST_0244,3,one_time_counterparty_count,9.0,0.143005
CUST_0248,1,num_international_transactions,0.0,-0.354624
CUST_0248,2,num_unique_counterparties,9.0,-0.149866
CUST_0248,3,transaction_time_entropy,1.596,-0.116823
CUST_0250,1,num_international_transactions,1.0,-0.359065
CUST_0250,2,decline_rate,0.008403,-0.18338
CUST_0250,3,total_transactions,118.0,-0.122904
CUST_0255,1,num_international_transactions,0.0,-0.323265
CUST_0255,2,num_unique_counterparties_6m,6.5183,-0.124639
CUST_0255,3,transaction_time_entropy,2.2785,-0.116823
CUST_0259,1,num_international_transactions,1.0,-0.206499
CUST_0259,2,num_unique_counterparties,8.0,-0.136857
CUST_0259,3,transaction_time_entropy,2.5117,-0.084132
CUST_0261,1,num_international_transactions,8.0,0.298998
CUST_0261,2,total_transactions,122.0,-0.183999
CUST_0261,3,top_counterparty_share,0.5,-0.153784
CUST_0262,1,num_international_transactions,1.0,-0.269552
CUST_0262,2,num_unique_counterparties,9.0,-0.147455
CUST_0262,3,volume_deviation_ratio,-0.240077,-0.081191
CUST_0264,1,top_counterparty_share,0.292683,-0.168112
CUST_0264,2,declined_volume,458.03,-0.156884
CUST_0264,3,num_international_transactions,2.0,0.145867
CUST_0271,1,num_international_transactions,0.0,-0.257282
CUST_0271,2,num_unique_counterparties,8.0,-0.144033
CUST_0271,3,avg_outflow,2104.2,-0.085634
CUST_0273,1,num_unique_counterparties,7.0,-0.326264
CUST_0273,2,num_international_transactions,0.0,-0.217666
CUST_0273,3,declined_count,4.0,0.119394
CUST_0274,1,num_international_transactions,0.0,-0.501055
CUST_0274,2,decline_rate,0.014085,-0.18985
CUST_0274,3,declined_volume,457.83,-0.112073
CUST_0275,1,num_international_transactions,1.0,-0.378868
CUST_0275,2,num_unique_counterparties,9.0,-0.135523
CUST_0275,3,volume_deviation_ratio,-0.276082,-0.092871
CUST_0276,1,num_international_transactions,0.0,-0.331435
CUST_0276,2,num_unique_counterparties,9.0,-0.136905
CUST_0276,3,transaction_time_entropy,2.0169,-0.116823
CUST_0279,1,transaction_time_entropy,2.5052,-0.291412
CUST_0279,2,num_international_transactions,5.0,0.259101
CUST_0279,3,volume_deviation_ratio,0.477462,0.133993
CUST_0280,1,num_international_transactions,0.0,-0.276981
CUST_0280,2,num_unique_counterparties,6.0,-0.149866
CUST_0280,3,transaction_time_entropy,2.2923,-0.116823
CUST_0283,1,num_international_transactions,0.0,-0.390547
CUST_0283,2,num_unique_counterparties,6.0,-0.177089
CUST_0283,3,num_unique_counterparties_6m,5.58,-0.108904
CUST_0289,1,num_international_transactions,0.0,-0.394868
CUST_0289,2,num_unique_counterparties,8.0,-0.144956
CUST_0289,3,decline_rate,0.0,-0.0982
CUST_0291,1,num_international_transactions,0.0,-0.278518
CUST_0291,2,num_unique_counterparties,7.0,-0.147455
CUST_0291,3,num_unique_counterparties_6m,5.2461,-0.100785
CUST_0295,1,num_international_transactions,5.0,0.393676
CUST_0295,2,decline_rate,0.011364,-0.280278
CUST_0295,3,cash_volume,1500.0,-0.174744
CUST_0296,1,num_international_transactions,1.0,-0.247464
CUST_0296,2,avg_inflow,10796.63,-0.183985
CUST_0296,3,volume_deviation_ratio,-0.060025,-0.106442
CUST_0303,1,num_international_transactions,0.0,-0.235473
CUST_0303,2,num_unique_counterparties,7.0,-0.136857
CUST_0303,3,decline_rate,0.0,-0.079217
CUST_0308,1,num_international_transactions,0.0,-0.321416
CUST_0308,2,num_unique_counterparties,9.0,-0.148579
CUST_0308,3,transaction_time_entropy,2.1978,-0.116823
CUST_0309,1,num_international_transactions,0.0,-0.408643
CUST_0309,2,num_unique_counterparties,6.0,-0.276346
CUST_0309,3,num_unique_counterparties_6m,3.0667,-0.108141
CUST_0310,1,num_unique_counterparties,9.0,-0.241911
CUST_0310,2,num_international_transactions,1.0,-0.241312
CUST_0310,3,avg_inflow,6411.31,-0.129029
CUST_0311,1,num_international_transactions,0.0,-0.22664
CUST_0311,2,num_unique_counterparties,7.0,-0.139269
CUST_0311,3,transaction_time_entropy,2.1178,-0.084132
CUST_0315,1,num_international_transactions,0.0,-0.418388
CUST_0315,2,num_unique_counterparties,8.0,-0.144956
CUST_0315,3,pct_international_transactions,0.0,-0.075282
CUST_0316,1,num_international_transactions,0.0,-0.251404
CUST_0316,2,num_unique_counterparties,7.0,-0.136857
CUST_0316,3,decline_rate,0.0,-0.079217
CUST_0318,1,num_international_transactions,0.0,-0.335481
CUST_0318,2,decline_rate,0.0,-0.194348
CUST_0318,3,transaction_time_entropy,2.0787,-0.157153
CUST_0323,1,num_international_transactions,0.0,-0.282133
CUST_0323,2,num_unique_counterparties,8.0,-0.15349
CUST_0323,3,transaction_time_entropy,1.7153,-0.116823
CUST_0331,1,num_international_transactions,1.0,-0.307806
CUST_0331,2,num_unique_counterparties,9.0,-0.141535
CUST_0331,3,transaction_time_entropy,2.272,-0.129513
CUST_0337,1,num_international_transactions,1.0,-0.263622
CUST_0337,2,declined_count,4.0,0.159414
CUST_0337,3,num_unique_counterparties,22.0,0.139146
CUST_0345,1,avg_outflow,521.4875,-0.26819
CUST_0345,2,avg_corruption_index,75.9,-0.231123
CUST_0345,3,num_international_transactions,10.0,0.193208
CUST_0346,1,avg_outflow,329.836667,-0.225014
CUST_0346,2,num_international_transactions,4.0,0.17455
CUST_0346,3,num_unique_counterparties,8.0,-0.16773
CUST_0353,1,num_international_transactions,0.0,-0.21695
CUST_0353,2,num_unique_counterparties,5.0,-0.136857
CUST_0353,3,num_unique_counterparties_6m,3.4826,-0.085006
CUST_0354,1,num_international_transactions,0.0,-0.260076
CUST_0354,2,num_unique_counterparties,6.0,-0.139269
CUST_0354,3,avg_outflow,3774.615,-0.079007
CUST_0355,1,num_international_transactions,0.0,-0.240606
CUST_0355,2,num_unique_counterparties,4.0,-0.144033
CUST_0355,3,decline_rate,0.0,-0.086127
CUST_0358,1,avg_outflow,1291.19,-0.212255
CUST_0358,2,max_transaction_amount,7848.17,-0.158186
CUST_0358,3,num_unique_counterparties,8.0,-0.129614
CUST_0359,1,num_international_transactions,0.0,-0.198929
CUST_0359,2,num_unique_counterparties,6.0,-0.147455
CUST_0359,3,decline_rate,0.0,-0.084385
CUST_0360,1,num_international_transactions,1.0,-0.299486
CUST_0360,2,transaction_time_entropy,2.3758,-0.096559
CUST_0360,3,volume_deviation_ratio,0.284557,-0.081113
CUST_0361,1,num_international_transactions,0.0,-0.358829
CUST_0361,2,num_unique_counterparties,7.0,-0.274763
CUST_0361,3,volume_deviation_ratio,0.774669,0.172968
CUST_0363,1,num_international_transactions,1.0,-0.301094
CUST_0363,2,declined_volume,459.2,-0.104474
CUST_0363,3,volume_deviation_ratio,0.099978,-0.102817
CUST_0367,1,avg_outflow,3880.8025,-0.218438
CUST_0367,2,decline_rate,0.025974,-0.125987
CUST_0367,3,num_unique_counterparties,23.0,0.091808
CUST_0372,1,num_international_transactions,0.0,-0.217967
CUST_0372,2,num_unique_counterparties,9.0,-0.139269
CUST_0372,3,transaction_time_entropy,1.8626,-0.084132
CUST_0373,1,num_international_transactions,0.0,-0.325499
CUST_0373,2,num_unique_counterparties,7.0,-0.149866
CUST_0373,3,transaction_time_entropy,2.4687,-0.116823
CUST_0376,1,num_international_transactions,0.0,-0.324438
CUST_0376,2,decline_rate,0.0125,-0.189804
CUST_0376,3,declined_volume,354.0,-0.116255
CUST_0378,1,num_international_transactions,0.0,-0.228765
CUST_0378,2,num_unique_counterparties,8.0,-0.139269
CUST_0378,3,transaction_time_entropy,2.2526,-0.084132
CUST_0379,1,num_international_transactions,1.0,-0.249078
CUST_0379,2,num_unique_counterparties_6m,5.8164,-0.120966
CUST_0379,3,avg_inflow,12705.663333,-0.088169
CUST_0381,1,num_international_transactions,1.0,-0.261055
CUST_0381,2,declined_volume,494.26,-0.106636
CUST_0381,3,volume_deviation_ratio,-0.027396,-0.103606
CUST_0383,1,num_international_transactions,1.0,-0.24578
CUST_0383,2,num_unique_counterparties,6.0,-0.139269
CUST_0383,3,volume_deviation_ratio,-0.091043,-0.092871
CUST_0385,1,num_international_transactions,0.0,-0.277536
CUST_0385,2,num_unique_counterparties,6.0,-0.149866
CUST_0385,3,transaction_time_entropy,2.009,-0.116823
CUST_0388,1,num_international_transactions,0.0,-0.347022
CUST_0388,2,num_unique_counterparties,9.0,-0.144956
CUST_0388,3,transaction_time_entropy,1.9584,-0.129251
CUST_0393,1,decline_rate,0.0,-0.245755
CUST_0393,2,one_time_counterparty_count,10.0,0.19144
CUST_0393,3,num_international_transactions,1.0,-0.140242
CUST_0399,1,num_international_transactions,1.0,-0.243811
CUST_0399,2,num_unique_counterparties,8.0,-0.124687
CUST_0399,3,volume_deviation_ratio,-0.139968,-0.079186
CUST_0401,1,transaction_time_entropy,1.919,-0.219809
CUST_0401,2,cash_volume,500.0,-0.157914
CUST_0401,3,volume_deviation_ratio,-0.086168,-0.129144
CUST_0403,1,num_international_transactions,0.0,-0.249279
CUST_0403,2,num_unique_counterparties,7.0,-0.139269
CUST_0403,3,pct_international_transactions,0.0,-0.075282
CUST_0406,1,avg_outflow,447.66,-0.228063
CUST_0406,2,num_unique_counterparties,8.0,-0.129614
CUST_0406,3,volume_deviation_ratio,0.019236,-0.123155
CUST_0411,1,num_international_transactions,1.0,-0.180217
CUST_0411,2,num_unique_counterparties,18.0,0.170807
CUST_0411,3,avg_corruption_index,84.0,-0.155624
CUST_0412,1,num_unique_counterparties,7.0,-0.262572
CUST_0412,2,avg_outflow,629.1,-0.257411
CUST_0412,3,max_transaction_amount,40653.31,-0.158186
CUST_0413,1,num_international_transactions,1.0,-0.383793
CUST_0413,2,decline_rate,0.0,-0.155293
CUST_0413,3,num_unique_counterparties,8.0,-0.145801
CUST_0416,1,num_international_transactions,0.0,-0.194257
CUST_0416,2,num_unique_counterparties,6.0,-0.136857
CUST_0416,3,transaction_time_entropy,2.1708,-0.084132
CUST_0420,1,num_international_transactions,0.0,-0.439184
CUST_0420,2,decline_rate,0.013889,-0.178325
CUST_0420,3,num_unique_counterparties,19.0,0.128648
CUST_0421,1,num_international_transactions,0.0,-0.294227
CUST_0421,2,volume_deviation_ratio,-0.009948,-0.084979
CUST_0421,3,transaction_time_entropy,2.2134,-0.084132
CUST_0423,1,num_international_transactions,0.0,-0.291126
CUST_0423,2,num_unique_counterparties,18.0,0.119497
CUST_0423,3,transaction_time_entropy,2.3179,-0.118352
CUST_0424,1,num_international_transactions,1.0,-0.200098
CUST_0424,2,volume_deviation_ratio,-0.206054,-0.105176
CUST_0424,3,avg_outflow,183.2025,-0.092282
CUST_0425,1,num_international_transactions,6.0,0.245828
CUST_0425,2,cash_volume,0.0,-0.188112
CUST_0425,3,avg_corruption_index,74.0,-0.182266
CUST_0427,1,num_international_transactions,1.0,-0.300939
CUST_0427,2,decline_rate,0.0,-0.107622
CUST_0427,3,declined_volume,0.0,-0.098093
CUST_0428,1,num_international_transactions,1.0,-0.355459
CUST_0428,2,num_unique_counterparties,7.0,-0.139269
CUST_0428,3,decline_rate,0.0,-0.096143
CUST_0429,1,avg_outflow,214.488,-0.250591
CUST_0429,2,num_international_transactions,7.0,0.173761
CUST_0429,3,avg_corruption_index,77.0,-0.169237
CUST_0432,1,num_international_transactions,0.0,-0.308656
CUST_0432,2,top_counterparty_share,0.324324,-0.110273
CUST_0432,3,decline_rate,0.0,-0.099588
CUST_0434,1,num_international_transactions,0.0,-0.353449
CUST_0434,2,num_unique_counterparties,7.0,-0.144956
CUST_0434,3,decline_rate,0.0,-0.096143
CUST_0437,1,num_international_transactions,0.0,-0.207067
CUST_0437,2,num_unique_counterparties,6.0,-0.139269
CUST_0437,3,transaction_time_entropy,2.0101,-0.084132
CUST_0438,1,num_international_transactions,1.0,-0.262581
CUST_0438,2,declined_volume,115.75,-0.156059
CUST_0438,3,decline_rate,0.016393,-0.127189
CUST_0439,1,num_international_transactions,17.0,0.372031
CUST_0439,2,decline_rate,0.0,-0.223993
CUST_0439,3,volume_deviation_ratio,4.350279,0.175293
CUST_0440,1,transaction_time_entropy,2.249,-0.357751
CUST_0440,2,num_international_transactions,9.0,0.235282
CUST_0440,3,avg_monthly_transaction_count,4.2,-0.103426
CUST_0442,1,avg_outflow,342.3,-0.200217
CUST_0442,2,declined_volume,635.72,-0.191517
CUST_0442,3,avg_corruption_index,81.5,-0.158122
CUST_0443,1,num_international_transactions,0.0,-0.222102
CUST_0443,2,num_unique_counterparties,5.0,-0.139269
CUST_0443,3,num_unique_counterparties_6m,3.316,-0.091129
CUST_0445,1,num_international_transactions,1.0,-0.197447
CUST_0445,2,declined_volume,249.35,-0.158462
CUST_0445,3,num_unique_counterparties,18.0,0.133348
CUST_0448,1,num_international_transactions,0.0,-0.320347
CUST_0448,2,num_unique_counterparties,7.0,-0.239847
CUST_0448,3,num_unique_counterparties_6m,6.3323,-0.113224
CUST_0450,1,num_international_transactions,0.0,-0.3261
CUST_0450,2,num_unique_counterparties,6.0,-0.19829
CUST_0450,3,num_unique_counterparties_6m,3.6409,-0.135072
CUST_0453,1,num_international_transactions,1.0,-0.429829
CUST_0453,2,num_unique_counterparties,7.0,-0.188763
CUST_0453,3,num_unique_counterparties_6m,4.7109,-0.113262
CUST_0454,1,num_international_transactions,0.0,-0.353368
CUST_0454,2,transaction_time_entropy,2.1055,-0.12583
CUST_0454,3,decline_rate,0.0,-0.125497
CUST_0455,1,num_unique_counterparties,7.0,-0.326264
CUST_0455,2,num_international_transactions,0.0,-0.250344
CUST_0455,3,num_unique_counterparties_6m,3.3508,-0.135072
CUST_0459,1,num_international_transactions,1.0,-0.462932
CUST_0459,2,decline_rate,0.029851,-0.122478
CUST_0459,3,volume_deviation_ratio,0.175759,-0.103649
CUST_0460,1,num_international_transactions,0.0,-0.242081
CUST_0460,2,num_unique_counterparties,5.0,-0.139269
CUST_0460,3,transaction_time_entropy,1.1489,-0.116823
CUST_0465,1,transaction_time_entropy,2.3924,-0.325608
CUST_0465,2,top_counterparty_share,0.342857,-0.110914
CUST_0465,3,declined_volume,190.52,-0.106632
CUST_0468,1,num_international_transactions,0.0,-0.301927
CUST_0468,2,num_unique_counterparties,7.0,-0.177089
CUST_0468,3,num_unique_counterparties_6m,8.0058,-0.113224
CUST_0470,1,num_international_transactions,0.0,-0.204807
CUST_0470,2,num_unique_counterparties,5.0,-0.15349
CUST_0470,3,num_unique_counterparties_6m,3.4191,-0.096032
CUST_0471,1,num_international_transactions,6.0,0.275653
CUST_0471,2,top_counterparty_share,0.342857,-0.196153
CUST_0471,3,num_unique_counterparties,7.0,-0.170247
CUST_0477,1,total_transactions,99.0,-0.183999
CUST_0477,2,top_counterparty_share,0.641026,-0.157616
CUST_0477,3,avg_corruption_index,74.0,-0.150774
CUST_0484,1,num_international_transactions,0.0,-0.211926
CUST_0484,2,num_unique_counterparties,5.0,-0.135712
CUST_0484,3,num_unique_counterparties_6m,3.8876,-0.108904
CUST_0485,1,num_international_transactions,8.0,0.400407
CUST_0485,2,volume_deviation_ratio,62.205187,0.24149
CUST_0485,3,decline_rate,0.0,-0.201561
CUST_0486,1,num_international_transactions,1.0,-0.24578
CUST_0486,2,num_unique_counterparties,7.0,-0.139269
CUST_0486,3,volume_deviation_ratio,-0.043595,-0.092871
CUST_0488,1,num_international_transactions,1.0,-0.35238
CUST_0488,2,num_unique_counterparties,6.0,-0.146445
CUST_0488,3,decline_rate,0.0,-0.097886
CUST_0489,1,num_international_transactions,0.0,-0.354416
CUST_0489,2,decline_rate,0.009259,-0.165483
CUST_0489,3,cash_volume,3300.0,-0.127163
CUST_0490,1,avg_outflow,4508.865,-0.189698
CUST_0490,2,declined_volume,74398.57,-0.10432
CUST_0490,3,volume_deviation_ratio,0.145855,-0.10401
CUST_0491,1,transaction_time_entropy,2.0962,-0.306749
CUST_0491,2,decline_rate,0.0,-0.274741
CUST_0491,3,declined_volume,0.0,-0.113941
CUST_0493,1,num_international_transactions,0.0,-0.326453
CUST_0493,2,num_unique_counterparties,9.0,-0.321353
CUST_0493,3,num_unique_counterparties_6m,7.6199,-0.142987
CUST_0496,1,num_international_transactions,1.0,-0.217132
CUST_0496,2,num_unique_counterparties,6.0,-0.192143
CUST_0496,3,avg_outflow,605.67,-0.091138
CUST_0498,1,num_international_transactions,0.0,-0.433189
CUST_0498,2,num_unique_counterparties,9.0,-0.141535
CUST_0498,3,pct_international_transactions,0.0,-0.075282
CUST_0499,1,num_international_transactions,0.0,-0.224896
CUST_0499,2,num_unique_counterparties,7.0,-0.139269
CUST_0499,3,num_unique_counterparties_6m,3.6342,-0.091129
CUST_0500,1,num_international_transactions,0.0,-0.274201
CUST_0500,2,decline_rate,0.010989,-0.190308
CUST_0500,3,num_unique_counterparties,22.0,0.119497
CUST_0502,1,num_international_transactions,1.0,-0.441838
CUST_0502,2,volume_deviation_ratio,0.20884,-0.081113
CUST_0502,3,num_unique_counterparties,11.0,-0.075712
CUST_0505,1,num_international_transactions,13.0,0.342732
CUST_0505,2,volume_deviation_ratio,-0.030339,-0.145871
CUST_0505,3,declined_volume,169.72,-0.133532
CUST_0507,1,num_international_transactions,1.0,-0.411714
CUST_0507,2,avg_inflow,10734.905,-0.183864
CUST_0507,3,num_unique_counterparties,13.0,0.125296
CUST_0508,1,num_international_transactions,0.0,-0.222211
CUST_0508,2,num_unique_counterparties,8.0,-0.139269
CUST_0508,3,transaction_time_entropy,2.2916,-0.084132
CUST_0509,1,num_international_transactions,0.0,-0.210408
CUST_0509,2,num_unique_counterparties,8.0,-0.147455
CUST_0509,3,decline_rate,0.0,-0.084385
CUST_0515,1,num_international_transactions,0.0,-0.264484
CUST_0515,2,num_unique_counterparties,8.0,-0.139269
CUST_0515,3,transaction_time_entropy,2.1062,-0.084132
CUST_0517,1,transaction_time_entropy,2.4962,-0.270812
CUST_0517,2,total_transactions,96.0,-0.131101
CUST_0517,3,decline_rate,0.030303,-0.123406
CUST_0518,1,num_international_transactions,1.0,-0.318701
CUST_0518,2,num_unique_counterparties,8.0,-0.15349
CUST_0518,3,transaction_time_entropy,2.4301,-0.116823
CUST_0526,1,num_international_transactions,0.0,-0.285571
CUST_0526,2,num_unique_counterparties,6.0,-0.177089
CUST_0526,3,transaction_time_entropy,2.1769,-0.116823
CUST_0528,1,num_international_transactions,12.0,0.361584
CUST_0528,2,avg_outflow,416.596667,-0.21141
CUST_0528,3,cash_volume,1000.0,-0.160516
CUST_0529,1,num_international_transactions,1.0,-0.330512
CUST_0529,2,decline_rate,0.0,-0.127415
CUST_0529,3,transaction_time_entropy,2.4949,-0.116823
CUST_0531,1,avg_corruption_index,75.0,-0.182148
CUST_0531,2,num_unique_counterparties,18.0,0.12173
CUST_0531,3,num_international_transactions,2.0,0.114835
CUST_0532,1,transaction_time_entropy,2.2046,-0.357751
CUST_0532,2,cash_volume,0.0,-0.167655
CUST_0532,3,decline_rate,0.0125,-0.158576
CUST_0533,1,num_international_transactions,1.0,-0.32979
CUST_0533,2,decline_rate,0.0,-0.17768
CUST_0533,3,volume_deviation_ratio,0.08949,-0.078734
CUST_0538,1,num_international_transactions,0.0,-0.312107
CUST_0538,2,num_unique_counterparties,9.0,-0.211645
CUST_0538,3,declined_count,5.0,0.07483
CUST_0542,1,transaction_time_entropy,1.9356,-0.264377
CUST_0542,2,decline_rate,0.0125,-0.201276
CUST_0542,3,volume_deviation_ratio,0.371771,0.135804
CUST_0543,1,num_international_transactions,1.0,-0.437352
CUST_0543,2,num_unique_counterparties,9.0,-0.149866
CUST_0543,3,volume_deviation_ratio,0.102123,-0.089406
CUST_0547,1,num_international_transactions,19.0,0.1881
CUST_0547,2,num_unique_counterparties,8.0,-0.177018
CUST_0547,3,transaction_time_entropy,2.4767,-0.151835
CUST_0548,1,num_international_transactions,10.0,0.317151
CUST_0548,2,avg_outflow,1816.0525,-0.232511
CUST_0548,3,cash_volume,0.0,-0.160516
CUST_0549,1,num_international_transactions,1.0,-0.250901
CUST_0549,2,num_unique_counterparties,9.0,-0.139269
CUST_0549,3,transaction_time_entropy,2.4531,-0.120506
CUST_0555,1,num_international_transactions,0.0,-0.287245
CUST_0555,2,num_unique_counterparties,7.0,-0.139269
CUST_0555,3,transaction_time_entropy,2.2451,-0.116823
CUST_0557,1,num_international_transactions,1.0,-0.20699
CUST_0557,2,num_unique_counterparties,9.0,-0.139269
CUST_0557,3,volume_deviation_ratio,0.013837,-0.092871
CUST_0558,1,num_international_transactions,0.0,-0.23836
CUST_0558,2,num_unique_counterparties,4.0,-0.136857
CUST_0558,3,decline_rate,0.0,-0.079217
CUST_0560,1,num_international_transactions,1.0,-0.278641
CUST_0560,2,num_unique_counterparties,8.0,-0.142544
CUST_0560,3,decline_rate,0.0,-0.142325
CUST_0567,1,num_international_transactions,0.0,-0.254216
CUST_0567,2,num_unique_counterparties,7.0,-0.139269
CUST_0567,3,transaction_time_entropy,2.3765,-0.116823
CUST_0571,1,num_international_transactions,0.0,-0.244535
CUST_0571,2,num_unique_counterparties,9.0,-0.211645
CUST_0571,3,transaction_time_entropy,2.3139,-0.110229
CUST_0572,1,num_international_transactions,0.0,-0.202543
CUST_0572,2,num_unique_counterparties,9.0,-0.139269
CUST_0572,3,transaction_time_entropy,1.7575,-0.084132
CUST_0577,1,num_international_transactions,0.0,-0.293483
CUST_0577,2,num_unique_counterparties,17.0,0.127195
CUST_0577,3,cash_transaction_count,5.0,-0.125571
CUST_0580,1,num_international_transactions,0.0,-0.319471
CUST_0580,2,num_unique_counterparties,7.0,-0.144215
CUST_0580,3,decline_rate,0.006494,-0.114169
CUST_0585,1,avg_outflow,4224.03,-0.247996
CUST_0585,2,num_international_transactions,8.0,0.219185
CUST_0585,3,top_counterparty_share,0.272727,-0.193558
CUST_0591,1,num_international_transactions,0.0,-0.347966
CUST_0591,2,num_unique_counterparties,5.0,-0.139269
CUST_0591,3,decline_rate,0.0,-0.089372
CUST_0592,1,num_unique_counterparties,6.0,-0.179835
CUST_0592,2,num_international_transactions,0.0,-0.155523
CUST_0592,3,transaction_time_entropy,2.4145,-0.096559
CUST_0593,1,num_international_transactions,0.0,-0.244741
CUST_0593,2,num_unique_counterparties,3.0,-0.176516
CUST_0593,3,avg_outflow,698.08,-0.082061
CUST_0595,1,num_international_transactions,0.0,-0.389824
CUST_0595,2,num_unique_counterparties,8.0,-0.141535
CUST_0595,3,pct_international_transactions,0.0,-0.075282
CUST_0599,1,num_international_transactions,63.0,0.2792
CUST_0599,2,top_counterparty_share,0.526316,-0.193558
CUST_0599,3,decline_rate,0.007576,-0.171216
CUST_0600,1,avg_outflow,2134.02,-0.21562
CUST_0600,2,max_transaction_amount,10384.12,-0.158186
CUST_0600,3,volume_deviation_ratio,0.055479,-0.111475
CUST_0606,1,num_international_transactions,9.0,0.27154
CUST_0606,2,declined_volume,51516.95,-0.141253
CUST_0606,3,volume_deviation_ratio,7650.748548,0.126895
CUST_0608,1,num_international_transactions,5.0,0.306828
CUST_0608,2,top_counterparty_share,0.324324,-0.198223
CUST_0608,3,avg_outflow,4529.125,-0.176131
CUST_0610,1,num_international_transactions,0.0,-0.369861
CUST_0610,2,num_unique_counterparties,6.0,-0.193673
CUST_0610,3,num_unique_counterparties_6m,6.1131,-0.118384
CUST_0614,1,num_international_transactions,0.0,-0.325245
CUST_0614,2,num_unique_counterparties,9.0,-0.167477
CUST_0614,3,transaction_time_entropy,1.821,-0.110229
CUST_0615,1,decline_rate,0.0,-0.239516
CUST_0615,2,avg_corruption_index,78.25,-0.163327
CUST_0615,3,total_transactions,138.0,-0.127797
CUST_0616,1,num_international_transactions,1.0,-0.399131
CUST_0616,2,num_unique_counterparties_6m,5.5551,-0.108141
CUST_0616,3,volume_deviation_ratio,0.048825,-0.081066
CUST_0619,1,num_international_transactions,0.0,-0.256005
CUST_0619,2,num_unique_counterparties,7.0,-0.144956
CUST_0619,3,transaction_time_entropy,2.1048,-0.116823
CUST_0621,1,num_international_transactions,1.0,-0.276686
CUST_0621,2,num_unique_counterparties,8.0,-0.139269
CUST_0621,3,transaction_time_entropy,2.2847,-0.116823
CUST_0622,1,num_international_transactions,1.0,-0.213912
CUST_0622,2,num_unique_counterparties,9.0,-0.169237
CUST_0622,3,num_unique_counterparties_6m,3.9089,-0.079509
CUST_0626,1,num_international_transactions,11.0,0.261977
CUST_0626,2,avg_outflow,293.184,-0.242369
CUST_0626,3,cash_volume,0.0,-0.203564
CUST_0627,1,num_international_transactions,0.0,-0.269888
CUST_0627,2,num_unique_counterparties,8.0,-0.149866
CUST_0627,3,transaction_time_entropy,2.4695,-0.116823
CUST_0628,1,num_international_transactions,0.0,-0.216968
CUST_0628,2,num_unique_counterparties,3.0,-0.136857
CUST_0628,3,transaction_time_entropy,2.4148,-0.084132
CUST_0630,1,num_international_transactions,1.0,-0.314762
CUST_0630,2,decline_rate,0.016393,-0.188011
CUST_0630,3,volume_deviation_ratio,0.923773,0.160054
CUST_0634,1,num_international_transactions,0.0,-0.272981
CUST_0634,2,num_unique_counterparties,7.0,-0.149866
CUST_0634,3,transaction_time_entropy,1.99,-0.116823
CUST_0636,1,num_international_transactions,1.0,-0.280809
CUST_0636,2,num_unique_counterparties,17.0,0.120163
CUST_0636,3,volume_deviation_ratio,-0.098524,-0.101103
CUST_0639,1,num_international_transactions,6.0,0.3397
CUST_0639,2,num_unique_counterparties,9.0,-0.129218
CUST_0639,3,top_counterparty_share,0.315789,-0.128436
CUST_0642,1,num_international_transactions,0.0,-0.240606
CUST_0642,2,num_unique_counterparties,6.0,-0.147455
CUST_0642,3,decline_rate,0.0,-0.084385
CUST_0643,1,num_international_transactions,0.0,-0.271767
CUST_0643,2,decline_rate,0.0,-0.116011
CUST_0643,3,transaction_time_entropy,2.5176,-0.07942
CUST_0647,1,num_international_transactions,0.0,-0.235473
CUST_0647,2,num_unique_counterparties,8.0,-0.136857
CUST_0647,3,decline_rate,0.0,-0.079217
CUST_0649,1,num_international_transactions,0.0,-0.218694
CUST_0649,2,num_unique_counterparties,9.0,-0.147455
CUST_0649,3,num_unique_counterparties_6m,6.1417,-0.095487
CUST_0651,1,transaction_time_entropy,2.4895,-0.35433
CUST_0651,2,num_unique_counterparties,9.0,-0.138279
CUST_0651,3,volume_deviation_ratio,0.30439,-0.115361
CUST_0652,1,num_international_transactions,2.0,0.153617
CUST_0652,2,top_counterparty_share,0.324324,-0.121711
CUST_0652,3,num_unique_counterparties_6m,6.1964,-0.120202
CUST_0654,1,num_international_transactions,1.0,-0.245289
CUST_0654,2,num_unique_counterparties,7.0,-0.144033
CUST_0654,3,volume_deviation_ratio,-0.137347,-0.084499
CUST_0656,1,num_international_transactions,0.0,-0.47477
CUST_0656,2,decline_rate,0.0,-0.127415
CUST_0656,3,declined_volume,0.0,-0.089673
CUST_0658,1,num_international_transactions,1.0,-0.217967
CUST_0658,2,num_unique_counterparties,6.0,-0.135204
CUST_0658,3,transaction_time_entropy,1.3328,-0.084132
CUST_0660,1,num_international_transactions,0.0,-0.39386
CUST_0660,2,decline_rate,0.014085,-0.178142
CUST_0660,3,transaction_time_entropy,2.2983,-0.13832
CUST_0664,1,num_international_transactions,0.0,-0.367856
CUST_0664,2,transaction_time_entropy,1.7618,-0.129251
CUST_0664,3,decline_rate,0.016129,-0.073372
CUST_0666,1,cash_volume,1000.0,-0.203564
CUST_0666,2,num_international_transactions,8.0,0.195637
CUST_0666,3,avg_corruption_index,74.0,-0.169713
CUST_0667,1,num_international_transactions,1.0,-0.230649
CUST_0667,2,num_unique_counterparties,7.0,-0.193673
CUST_0667,3,num_unique_counterparties_6m,5.5357,-0.118896
CUST_0675,1,num_international_transactions,0.0,-0.280908
CUST_0675,2,num_unique_counterparties,7.0,-0.139269
CUST_0675,3,avg_outflow,2560.2,-0.080836
CUST_0677,1,num_international_transactions,1.0,-0.251134
CUST_0677,2,num_unique_counterparties,8.0,-0.139269
CUST_0677,3,volume_deviation_ratio,0.197449,-0.087075
CUST_0679,1,num_international_transactions,0.0,-0.283239
CUST_0679,2,num_unique_counterparties,6.0,-0.186351
CUST_0679,3,num_unique_counterparties_6m,4.3284,-0.108904
CUST_0680,1,num_international_transactions,1.0,-0.256608
CUST_0680,2,num_unique_counterparties,8.0,-0.148579
CUST_0680,3,avg_outflow,3806.42,-0.079092
CUST_0682,1,num_international_transactions,17.0,0.280432
CUST_0682,2,transaction_time_entropy,2.0682,-0.202838
CUST_0682,3,decline_rate,0.0,-0.149246
CUST_0684,1,num_international_transactions,1.0,-0.248931
CUST_0684,2,decline_rate,0.0,-0.157385
CUST_0684,3,declined_volume,0.0,-0.116263
CUST_0685,1,num_international_transactions,0.0,-0.241453
CUST_0685,2,num_unique_counterparties,6.0,-0.147455
CUST_0685,3,decline_rate,0.0,-0.085232
CUST_0689,1,num_international_transactions,0.0,-0.37527
CUST_0689,2,decline_rate,0.007874,-0.16189
CUST_0689,3,total_transactions,126.0,-0.122904
CUST_0691,1,transaction_time_entropy,2.4641,-0.311467
CUST_0691,2,num_unique_counterparties,17.0,0.176699
CUST_0691,3,decline_rate,0.073684,0.104161
CUST_0695,1,num_international_transactions,0.0,-0.366566
CUST_0695,2,num_unique_counterparties,5.0,-0.241911
CUST_0695,3,num_unique_counterparties_6m,3.8078,-0.069865
CUST_0696,1,num_international_transactions,0.0,-0.401242
CUST_0696,2,declined_volume,536.05,-0.161342
CUST_0696,3,decline_rate,0.02439,-0.122773
CUST_0697,1,num_international_transactions,1.0,-0.240606
CUST_0697,2,num_unique_counterparties,7.0,-0.147455
CUST_0697,3,volume_deviation_ratio,-0.065635,-0.085824
CUST_0704,1,num_international_transactions,0.0,-0.510637
CUST_0704,2,pct_international_transactions,0.0,-0.069228
CUST_0704,3,num_unique_counterparties_6m,12.5524,0.068362
CUST_0705,1,num_unique_counterparties,5.0,-0.313983
CUST_0705,2,num_international_transactions,0.0,-0.231467
CUST_0705,3,num_unique_counterparties_6m,4.1961,-0.108904
CUST_0709,1,num_unique_counterparties,9.0,-0.28608
CUST_0709,2,num_international_transactions,1.0,-0.194622
CUST_0709,3,num_unique_counterparties_6m,4.5859,-0.100391
CUST_0714,1,num_international_transactions,8.0,0.302018
CUST_0714,2,avg_outflow,319.544,-0.216638
CUST_0714,3,cash_volume,2000.0,-0.160516
CUST_0715,1,num_international_transactions,0.0,-0.361512
CUST_0715,2,num_unique_counterparties,9.0,-0.146445
CUST_0715,3,transaction_time_entropy,2.3045,-0.113402
CUST_0719,1,num_international_transactions,0.0,-0.247218
CUST_0719,2,num_unique_counterparties,7.0,-0.149866
CUST_0719,3,transaction_time_entropy,2.1898,-0.116823
CUST_0722,1,num_international_transactions,0.0,-0.225093
CUST_0722,2,num_unique_counterparties,6.0,-0.188763
CUST_0722,3,num_unique_counterparties_6m,4.8134,-0.112499
CUST_0723,1,num_international_transactions,0.0,-0.364823
CUST_0723,2,declined_volume,501.01,-0.152068
CUST_0723,3,transaction_time_entropy,2.0521,-0.116823
CUST_0726,1,num_international_transactions,2.0,0.148856
CUST_0726,2,volume_deviation_ratio,0.130859,-0.137115
CUST_0726,3,decline_rate,0.0,-0.121697
CUST_0727,1,num_international_transactions,0.0,-0.219145
CUST_0727,2,num_unique_counterparties,4.0,-0.136857
CUST_0727,3,decline_rate,0.0,-0.13631
CUST_0729,1,num_international_transactions,0.0,-0.214543
CUST_0729,2,num_unique_counterparties,3.0,-0.136857
CUST_0729,3,transaction_time_entropy,2.3054,-0.084132
CUST_0730,1,num_international_transactions,0.0,-0.25229
CUST_0730,2,num_unique_counterparties,7.0,-0.246918
CUST_0730,3,num_unique_counterparties_6m,5.1425,-0.13943
CUST_0731,1,num_international_transactions,1.0,-0.294004
CUST_0731,2,num_unique_counterparties,9.0,-0.177089
CUST_0731,3,num_unique_counterparties_6m,7.1059,-0.120966
CUST_0734,1,num_international_transactions,0.0,-0.367529
CUST_0734,2,transaction_time_entropy,2.0851,-0.12583
CUST_0734,3,declined_volume,61.89,-0.100483
CUST_0735,1,num_international_transactions,1.0,-0.256312
CUST_0735,2,num_unique_counterparties,18.0,0.139495
CUST_0735,3,transaction_time_entropy,1.8317,-0.125627
CUST_0738,1,num_international_transactions,0.0,-0.406997
CUST_0738,2,num_unique_counterparties,6.0,-0.237001
CUST_0738,3,num_unique_counterparties_6m,5.1331,-0.108904
CUST_0741,1,num_unique_counterparties,8.0,-0.309073
CUST_0741,2,num_international_transactions,0.0,-0.16939
CUST_0741,3,declined_count,4.0,0.119394
CUST_0742,1,num_international_transactions,1.0,-0.295494
CUST_0742,2,volume_deviation_ratio,-0.340925,-0.097569
CUST_0742,3,transaction_time_entropy,2.4463,-0.096559
CUST_0743,1,num_international_transactions,0.0,-0.395552
CUST_0743,2,num_unique_counterparties,6.0,-0.139269
CUST_0743,3,pct_international_transactions,0.0,-0.075282
CUST_0745,1,num_international_transactions,0.0,-0.213727
CUST_0745,2,num_unique_counterparties,7.0,-0.139269
CUST_0745,3,transaction_time_entropy,2.4483,-0.084132
CUST_0750,1,num_international_transactions,0.0,-0.278044
CUST_0750,2,num_unique_counterparties,8.0,-0.20275
CUST_0750,3,num_unique_counterparties_6m,7.919,-0.113262
CUST_0753,1,num_international_transactions,0.0,-0.376808
CUST_0753,2,num_unique_counterparties,8.0,-0.139269
CUST_0753,3,volume_deviation_ratio,-0.100581,-0.071998
CUST_0754,1,num_international_transactions,8.0,0.435374
CUST_0754,2,num_unique_counterparties,22.0,0.127682
CUST_0754,3,avg_outflow,8239.055,0.094822
CUST_0755,1,num_international_transactions,1.0,-0.24172
CUST_0755,2,num_unique_counterparties,9.0,-0.23092
CUST_0755,3,num_unique_counterparties_6m,6.2724,-0.108904
CUST_0758,1,num_international_transactions,0.0,-0.308529
CUST_0758,2,decline_rate,0.0,-0.140454
CUST_0758,3,transaction_time_entropy,1.8775,-0.129251
CUST_0759,1,num_unique_counterparties,6.0,-0.28608
CUST_0759,2,num_international_transactions,1.0,-0.192215
CUST_0759,3,num_unique_counterparties_6m,4.5131,-0.096032
CUST_0760,1,num_international_transactions,1.0,-0.340295
CUST_0760,2,num_unique_counterparties,18.0,0.17316
CUST_0760,3,avg_corruption_index,79.0,-0.155731
CUST_0763,1,num_international_transactions,0.0,-0.393102
CUST_0763,2,num_unique_counterparties,7.0,-0.136905
CUST_0763,3,num_unique_counterparties_6m,3.8608,-0.074223
CUST_0764,1,num_international_transactions,1.0,-0.457201
CUST_0764,2,volume_deviation_ratio,-0.207273,-0.109003
CUST_0764,3,declined_volume,129.95,-0.102646
CUST_0770,1,num_international_transactions,0.0,-0.227876
CUST_0770,2,num_unique_counterparties,9.0,-0.135712
CUST_0770,3,transaction_time_entropy,1.9991,-0.084132
CUST_0774,1,num_international_transactions,0.0,-0.202543
CUST_0774,2,num_unique_counterparties,6.0,-0.139269
CUST_0774,3,transaction_time_entropy,1.6856,-0.084132
CUST_0780,1,num_international_transactions,0.0,-0.381961
CUST_0780,2,num_unique_counterparties,5.0,-0.149866
CUST_0780,3,num_unique_counterparties_6m,2.735,-0.091129
CUST_0781,1,num_international_transactions,1.0,-0.28197
CUST_0781,2,num_unique_counterparties,7.0,-0.142544
CUST_0781,3,volume_deviation_ratio,0.15252,-0.090686
CUST_0783,1,num_international_transactions,6.0,0.373683
CUST_0783,2,decline_rate,0.0,-0.226768
CUST_0783,3,volume_deviation_ratio,-0.033902,-0.124177
CUST_0785,1,num_international_transactions,0.0,-0.29492
CUST_0785,2,num_unique_counterparties,9.0,-0.144956
CUST_0785,3,avg_outflow,2754.986667,-0.080836
CUST_0786,1,num_international_transactions,15.0,0.305967
CUST_0786,2,avg_outflow,2878.59,-0.222336
CUST_0786,3,num_unique_counterparties,23.0,0.131199
CUST_0789,1,volume_change_ratio,0.656985,0.228659
CUST_0789,2,num_international_transactions,0.0,-0.188622
CUST_0789,3,decline_rate,0.0,-0.142325
CUST_0790,1,num_international_transactions,0.0,-0.365436
CUST_0790,2,num_unique_counterparties,7.0,-0.20766
CUST_0790,3,num_unique_counterparties_6m,4.5644,-0.108904
CUST_0794,1,num_international_transactions,0.0,-0.31801
CUST_0794,2,avg_inflow,4420.116667,-0.123374
CUST_0794,3,declined_volume,9245.75,-0.089732
CUST_0796,1,num_international_transactions,0.0,-0.458928
CUST_0796,2,declined_volume,321.46,-0.100483
CUST_0796,3,volume_deviation_ratio,-0.338602,-0.083268
CUST_0800,1,max_transaction_amount,24207.35,-0.158186
CUST_0800,2,avg_outflow,170.46,-0.148308
CUST_0800,3,top_counterparty_share,0.48,-0.119642
CUST_0807,1,num_international_transactions,0.0,-0.234982
CUST_0807,2,num_unique_counterparties,7.0,-0.136857
CUST_0807,3,decline_rate,0.0,-0.076403
CUST_0811,1,num_international_transactions,0.0,-0.224993
CUST_0811,2,num_unique_counterparties,8.0,-0.134359
CUST_0811,3,transaction_time_entropy,1.9657,-0.096559
CUST_0812,1,num_international_transactions,0.0,-0.337168
CUST_0812,2,num_unique_counterparties_6m,7.948,-0.117583
CUST_0812,3,volume_deviation_ratio,-0.131607,-0.08685
CUST_0814,1,num_international_transactions,1.0,-0.28508
CUST_0814,2,num_unique_counterparties,9.0,-0.179835
CUST_0814,3,transaction_time_entropy,2.0215,-0.116823
CUST_0815,1,num_international_transactions,0.0,-0.216762
CUST_0815,2,num_unique_counterparties,6.0,-0.175896
CUST_0815,3,num_unique_counterparties_6m,4.2881,-0.108904
CUST_0816,1,num_international_transactions,0.0,-0.321253
CUST_0816,2,declined_volume,483.2,-0.155997
CUST_0816,3,pct_international_transactions,0.0,-0.092367
CUST_0817,1,num_international_transactions,0.0,-0.35238
CUST_0817,2,num_unique_counterparties,8.0,-0.139269
CUST_0817,3,decline_rate,0.0,-0.090975
CUST_0821,1,num_international_transactions,0.0,-0.230992
CUST_0821,2,num_unique_counterparties,5.0,-0.229631
CUST_0821,3,num_unique_counterparties_6m,3.8524,-0.108904
CUST_0823,1,num_international_transactions,0.0,-0.401417
CUST_0823,2,decline_rate,0.012658,-0.173454
CUST_0823,3,transaction_time_entropy,2.5177,-0.157153
CUST_0825,1,num_international_transactions,0.0,-0.226111
CUST_0825,2,num_unique_counterparties,8.0,-0.144956
CUST_0825,3,transaction_time_entropy,2.2184,-0.096559
CUST_0826,1,num_international_transactions,0.0,-0.286556
CUST_0826,2,decline_rate,0.0,-0.199219
CUST_0826,3,transaction_time_entropy,2.0476,-0.118352
CUST_0832,1,num_international_transactions,0.0,-0.281884
CUST_0832,2,num_unique_counterparties,5.0,-0.142544
CUST_0832,3,decline_rate,0.0,-0.085232
CUST_0837,1,num_international_transactions,0.0,-0.395552
CUST_0837,2,num_unique_counterparties,8.0,-0.149866
CUST_0837,3,pct_international_transactions,0.0,-0.075282
CUST_0838,1,num_international_transactions,1.0,-0.251134
CUST_0838,2,num_unique_counterparties,7.0,-0.132792
CUST_0838,3,volume_deviation_ratio,-0.133098,-0.087075
CUST_0841,1,avg_corruption_index,76.222222,-0.182266
CUST_0841,2,avg_outflow,325.71,-0.172428
CUST_0841,3,declined_volume,396.18,-0.171967
CUST_0844,1,num_international_transactions,0.0,-0.252879
CUST_0844,2,num_unique_counterparties,8.0,-0.149866
CUST_0844,3,transaction_time_entropy,1.7416,-0.116823
CUST_0848,1,num_international_transactions,0.0,-0.284627
CUST_0848,2,num_unique_counterparties_6m,4.3771,-0.124639
CUST_0848,3,top_counterparty_share,0.266667,-0.072432
CUST_0853,1,num_international_transactions,1.0,-0.258158
CUST_0853,2,num_unique_counterparties,9.0,-0.142544
CUST_0853,3,transaction_time_entropy,2.5226,-0.096559
CUST_0854,1,num_international_transactions,0.0,-0.280019
CUST_0854,2,num_unique_counterparties,7.0,-0.144956
CUST_0854,3,avg_outflow,3878.055,-0.079092
CUST_0857,1,decline_rate,0.0,-0.142058
CUST_0857,2,max_transaction_amount,32534.31,-0.117825
CUST_0857,3,num_international_transactions,2.0,0.113679
CUST_0859,1,num_international_transactions,0.0,-0.25935
CUST_0859,2,num_unique_counterparties,9.0,-0.149866
CUST_0859,3,transaction_time_entropy,1.6253,-0.116823
CUST_0861,1,num_international_transactions,5.0,0.33029
CUST_0861,2,avg_corruption_index,73.8,-0.243676
CUST_0861,3,decline_rate,0.012346,-0.167631
CUST_0863,1,num_international_transactions,0.0,-0.354937
CUST_0863,2,decline_rate,0.006849,-0.188251
CUST_0863,3,total_transactions,145.0,-0.122904
CUST_0865,1,transaction_time_entropy,2.1167,-0.238643
CUST_0865,2,count_deviation_ratio,0.097561,-0.130337
CUST_0865,3,decline_rate,0.033708,-0.124019
CUST_0866,1,cash_volume,0.0,-0.167655
CUST_0866,2,volume_deviation_ratio,0.03056,-0.140474
CUST_0866,3,decline_rate,0.017094,-0.135872
CUST_0867,1,num_international_transactions,12.0,0.303932
CUST_0867,2,total_transactions,148.0,-0.183999
CUST_0867,3,top_counterparty_share,0.48951,-0.153784
CUST_0868,1,volume_change_ratio,3.450976,0.139981
CUST_0868,2,volume_deviation_ratio,3.195587,0.126895
CUST_0868,3,num_international_transactions,2.0,0.107946
CUST_0869,1,num_international_transactions,1.0,-0.241351
CUST_0869,2,num_unique_counterparties,7.0,-0.199663
CUST_0869,3,num_unique_counterparties_6m,5.6491,-0.108904
CUST_0871,1,num_international_transactions,1.0,-0.201532
CUST_0871,2,num_unique_counterparties,9.0,-0.159015
CUST_0871,3,transaction_time_entropy,2.3926,-0.083866
CUST_0873,1,num_international_transactions,0.0,-0.290717
CUST_0873,2,num_unique_counterparties,7.0,-0.144956
CUST_0873,3,decline_rate,0.0,-0.083135
CUST_0877,1,num_international_transactions,1.0,-0.302518
CUST_0877,2,num_unique_counterparties,7.0,-0.163903
CUST_0877,3,num_unique_counterparties_6m,7.0464,-0.144728
CUST_0878,1,total_transactions,119.0,-0.183999
CUST_0878,2,avg_corruption_index,78.25,-0.163327
CUST_0878,3,num_international_transactions,4.0,0.15959
CUST_0879,1,num_international_transactions,0.0,-0.206142
CUST_0879,2,num_unique_counterparties,7.0,-0.139269
CUST_0879,3,transaction_time_entropy,2.1699,-0.084132
CUST_0881,1,num_international_transactions,0.0,-0.29976
CUST_0881,2,declined_count,7.0,0.159414
CUST_0881,3,num_unique_counterparties,12.0,0.101255
CUST_0883,1,num_international_transactions,0.0,-0.265657
CUST_0883,2,num_unique_counterparties,7.0,-0.136905
CUST_0883,3,num_unique_counterparties_6m,4.6608,-0.074223
CUST_0885,1,num_international_transactions,0.0,-0.364246
CUST_0885,2,num_unique_counterparties,7.0,-0.144956
CUST_0885,3,decline_rate,0.0,-0.096143
CUST_0891,1,num_international_transactions,0.0,-0.33205
CUST_0891,2,num_unique_counterparties,9.0,-0.139269
CUST_0891,3,transaction_time_entropy,2.5222,-0.116823
CUST_0892,1,num_international_transactions,0.0,-0.286288
CUST_0892,2,num_unique_counterparties,7.0,-0.139123
CUST_0892,3,decline_rate,0.0,-0.082466
CUST_0894,1,avg_outflow,240.28,-0.26819
CUST_0894,2,avg_corruption_index,78.25,-0.150881
CUST_0894,3,cash_volume,0.0,-0.123519
CUST_0898,1,num_international_transactions,1.0,-0.278755
CUST_0898,2,num_unique_counterparties,6.0,-0.269815
CUST_0898,3,num_unique_counterparties_6m,5.3833,-0.118384
CUST_0899,1,num_international_transactions,0.0,-0.250782
CUST_0899,2,num_unique_counterparties,6.0,-0.149866
CUST_0899,3,transaction_time_entropy,1.9215,-0.116823
CUST_0901,1,num_international_transactions,1.0,-0.272531
CUST_0901,2,num_unique_counterparties,7.0,-0.149866
CUST_0901,3,num_unique_counterparties_6m,4.4367,-0.099807
CUST_0904,1,num_international_transactions,0.0,-0.254661
CUST_0904,2,num_unique_counterparties,8.0,-0.20766
CUST_0904,3,num_unique_counterparties_6m,6.1518,-0.113262
CUST_0906,1,num_international_transactions,0.0,-0.233894
CUST_0906,2,num_unique_counterparties,5.0,-0.136857
CUST_0906,3,decline_rate,0.0,-0.080064
CUST_0907,1,num_international_transactions,0.0,-0.256111
CUST_0907,2,num_unique_counterparties,7.0,-0.139269
CUST_0907,3,transaction_time_entropy,1.7962,-0.084132
CUST_0910,1,num_international_transactions,5.0,0.288902
CUST_0910,2,avg_outflow,290.986,-0.240734
CUST_0910,3,declined_volume,402.76,-0.171967
CUST_0912,1,num_international_transactions,1.0,-0.473316
CUST_0912,2,decline_rate,0.0,-0.160318
CUST_0912,3,declined_volume,0.0,-0.112326
CUST_0914,1,avg_outflow,4523.75,-0.208482
CUST_0914,2,volume_deviation_ratio,-0.945721,-0.084024
CUST_0914,3,cash_volume,3700.0,-0.078642
CUST_0915,1,transaction_time_entropy,2.0787,-0.298845
CUST_0915,2,num_unique_counterparties,9.0,-0.142624
CUST_0915,3,volume_deviation_ratio,0.16747,-0.106939
CUST_0918,1,num_international_transactions,0.0,-0.356706
CUST_0918,2,num_unique_counterparties,8.0,-0.149866
CUST_0918,3,decline_rate,0.0,-0.092482
CUST_0923,1,num_international_transactions,0.0,-0.249198
CUST_0923,2,num_unique_counterparties,4.0,-0.136857
CUST_0923,3,decline_rate,0.0,-0.079217
CUST_0925,1,transaction_time_entropy,2.3681,-0.295424
CUST_0925,2,num_international_transactions,19.0,0.253711
CUST_0925,3,num_unique_counterparties,9.0,-0.20082
CUST_0929,1,num_international_transactions,66.0,0.310428
CUST_0929,2,top_counterparty_share,0.538462,-0.193558
CUST_0929,3,total_transactions,140.0,-0.183999
CUST_0932,1,num_international_transactions,1.0,-0.291504
CUST_0932,2,num_unique_counterparties,8.0,-0.139269
CUST_0932,3,transaction_time_entropy,2.4183,-0.116823
CUST_0933,1,decline_rate,0.008264,-0.246449
CUST_0933,2,total_transactions,120.0,-0.183999
CUST_0933,3,volume_deviation_ratio,0.291169,-0.134541
CUST_0934,1,num_international_transactions,9.0,0.292959
CUST_0934,2,avg_corruption_index,77.444444,-0.243676
CUST_0934,3,avg_outflow,3984.725,-0.219512
CUST_0935,1,num_international_transactions,0.0,-0.258663
CUST_0935,2,num_unique_counterparties,6.0,-0.173668
CUST_0935,3,num_unique_counterparties_6m,6.061,-0.108904
CUST_0937,1,num_international_transactions,0.0,-0.222053
CUST_0937,2,num_unique_counterparties,9.0,-0.139269
CUST_0937,3,transaction_time_entropy,2.2237,-0.084132
CUST_0939,1,num_international_transactions,0.0,-0.226565
CUST_0939,2,num_unique_counterparties,6.0,-0.146445
CUST_0939,3,decline_rate,0.0,-0.145632
CUST_0940,1,num_international_transactions,1.0,-0.377957
CUST_0940,2,num_unique_counterparties,5.0,-0.193673
CUST_0940,3,num_unique_counterparties_6m,4.52,-0.108904
CUST_0943,1,num_unique_counterparties,7.0,-0.28608
CUST_0943,2,num_international_transactions,0.0,-0.233211
CUST_0943,3,avg_outflow,2999.275,-0.078489
CUST_0945,1,num_international_transactions,0.0,-0.233894
CUST_0945,2,num_unique_counterparties,8.0,-0.147455
CUST_0945,3,decline_rate,0.0,-0.101932
CUST_0947,1,num_international_transactions,3.0,0.296824
CUST_0947,2,volume_deviation_ratio,1.090832,0.241221
CUST_0947,3,volume_change_ratio,1.445478,0.151018
CUST_0952,1,num_international_transactions,0.0,-0.337918
CUST_0952,2,decline_rate,0.0,-0.160318
CUST_0952,3,transaction_time_entropy,1.9003,-0.12583
CUST_0954,1,num_international_transactions,0.0,-0.465903
CUST_0954,2,declined_volume,101459.15,-0.136891
CUST_0954,3,num_unique_counterparties_6m,8.0738,-0.112499
CUST_0960,1,num_international_transactions,0.0,-0.205951
CUST_0960,2,num_unique_counterparties,5.0,-0.136857
CUST_0960,3,transaction_time_entropy,2.08,-0.084132
CUST_0963,1,num_international_transactions,5.0,0.427182
CUST_0963,2,volume_deviation_ratio,7.050122,0.224768
CUST_0963,3,volume_change_ratio,3.275107,0.151541
CUST_0970,1,num_international_transactions,0.0,-0.347966
CUST_0970,2,num_unique_counterparties,7.0,-0.149866
CUST_0970,3,decline_rate,0.0,-0.094539
CUST_0972,1,num_international_transactions,1.0,-0.293485
CUST_0972,2,num_unique_counterparties,7.0,-0.142544
CUST_0972,3,volume_deviation_ratio,-0.10877,-0.091216
CUST_0975,1,num_international_transactions,0.0,-0.336865
CUST_0975,2,top_counterparty_share,0.352941,-0.110273
CUST_0975,3,num_unique_counterparties_6m,8.7268,0.07649
CUST_0980,1,num_international_transactions,1.0,-0.338643
CUST_0980,2,volume_deviation_ratio,0.063036,-0.124727
CUST_0980,3,decline_rate,0.013158,-0.100966
CUST_0981,1,num_international_transactions,6.0,0.261708
CUST_0981,2,avg_outflow,1206.352,-0.17748
CUST_0981,3,decline_rate,0.0,-0.164039
CUST_0984,1,num_international_transactions,0.0,-0.24412
CUST_0984,2,num_unique_counterparties,9.0,-0.144956
CUST_0984,3,transaction_time_entropy,2.5158,-0.116823
CUST_0988,1,num_international_transactions,0.0,-0.285363
CUST_0988,2,num_unique_counterparties,8.0,-0.142544
CUST_0988,3,decline_rate,0.0,-0.080724
CUST_0989,1,num_international_transactions,11.0,0.278265
CUST_0989,2,avg_outflow,2722.0775,-0.25471
CUST_0989,3,cash_volume,0.0,-0.160516
CUST_0992,1,avg_outflow,1210.055,-0.250591
CUST_0992,2,num_international_transactions,9.0,0.249417
CUST_0992,3,decline_rate,0.0,-0.19146
CUST_0993,1,num_international_transactions,0.0,-0.227167
CUST_0993,2,num_unique_counterparties,9.0,-0.167565
CUST_0993,3,transaction_time_entropy,2.3052,-0.093138
CUST_0995,1,num_international_transactions,0.0,-0.233894
CUST_0995,2,num_unique_counterparties,5.0,-0.136857
CUST_0995,3,decline_rate,0.0,-0.080064
CUST_0996,1,total_transactions,127.0,-0.183999
CUST_0996,2,avg_corruption_index,83.333333,-0.171407
CUST_0996,3,num_international_transactions,3.0,0.165398
CUST_0997,1,num_international_transactions,0.0,-0.24837
CUST_0997,2,num_unique_counterparties,7.0,-0.141535
CUST_0997,3,transaction_time_entropy,2.4612,-0.12583
CUST_0998,1,num_international_transactions,0.0,-0.468413
CUST_0998,2,declined_volume,621.05,-0.152068
CUST_0998,3,volume_deviation_ratio,0.013071,-0.105509
CUST_0999,1,num_international_transactions,0.0,-0.25453
CUST_0999,2,num_unique_counterparties,7.0,-0.139269
CUST_0999,3,avg_outflow,2794.49,-0.075453
CUST_1003,1,num_international_transactions,0.0,-0.347631
CUST_1003,2,num_unique_counterparties_6m,5.332,-0.14375
CUST_1003,3,transaction_time_entropy,2.0645,-0.096559
CUST_1005,1,num_international_transactions,0.0,-0.248164
CUST_1005,2,num_unique_counterparties,8.0,-0.136857
CUST_1005,3,transaction_time_entropy,1.8269,-0.084132
CUST_1008,1,num_international_transactions,5.0,0.307626
CUST_1008,2,avg_outflow,4608.925,-0.20615
CUST_1008,3,decline_rate,0.013889,-0.138938
CUST_1009,1,num_international_transactions,0.0,-0.358763
CUST_1009,2,num_unique_counterparties,7.0,-0.149866
CUST_1009,3,decline_rate,0.0,-0.094539
CUST_1015,1,num_international_transactions,0.0,-0.275926
CUST_1015,2,num_unique_counterparties,8.0,-0.144956
CUST_1015,3,transaction_time_entropy,2.4726,-0.129251
CUST_1019,1,num_international_transactions,0.0,-0.257605
CUST_1019,2,num_unique_counterparties,6.0,-0.147455
CUST_1019,3,decline_rate,0.0,-0.085232
CUST_1021,1,num_international_transactions,6.0,0.234706
CUST_1021,2,avg_corruption_index,75.0,-0.185801
CUST_1021,3,decline_rate,0.007812,-0.157662
CUST_1022,1,num_international_transactions,0.0,-0.276974
CUST_1022,2,num_unique_counterparties,9.0,-0.167477
CUST_1022,3,num_unique_counterparties_6m,7.2881,-0.113262
CUST_1024,1,num_international_transactions,1.0,-0.254547
CUST_1024,2,num_unique_counterparties,9.0,-0.136857
CUST_1024,3,volume_deviation_ratio,-0.036052,-0.084499
CUST_1026,1,num_international_transactions,1.0,-0.299744
CUST_1026,2,declined_volume,108.11,-0.160483
CUST_1026,3,num_unique_counterparties,11.0,-0.099062
CUST_1027,1,num_international_transactions,0.0,-0.296988
CUST_1027,2,num_unique_counterparties,8.0,-0.144956
CUST_1027,3,transaction_time_entropy,2.4289,-0.116823
CUST_1033,1,num_international_transactions,0.0,-0.359922
CUST_1033,2,decline_rate,0.036585,-0.112635
CUST_1033,3,avg_inflow,13021.624,-0.086278
CUST_1034,1,num_international_transactions,0.0,-0.241453
CUST_1034,2,num_unique_counterparties,6.0,-0.139269
CUST_1034,3,decline_rate,0.0,-0.082476
CUST_1035,1,num_international_transactions,7.0,0.256232
CUST_1035,2,top_counterparty_share,0.307692,-0.186482
CUST_1035,3,avg_outflow,4120.343333,-0.183731
CUST_1036,1,num_international_transactions,0.0,-0.195345
CUST_1036,2,num_unique_counterparties,7.0,-0.139269
CUST_1036,3,transaction_time_entropy,2.4755,-0.084132
CUST_1040,1,num_international_transactions,0.0,-0.352885
CUST_1040,2,num_unique_counterparties,9.0,-0.149866
CUST_1040,3,transaction_time_entropy,2.4943,-0.116823
CUST_1043,1,decline_rate,0.011364,-0.213729
CUST_1043,2,avg_corruption_index,83.5,-0.174068
CUST_1043,3,num_international_transactions,2.0,0.114997
CUST_1048,1,num_international_transactions,0.0,-0.237719
CUST_1048,2,num_unique_counterparties,4.0,-0.176516
CUST_1048,3,avg_outflow,535.64,-0.076961
CUST_1049,1,num_international_transactions,0.0,-0.380827
CUST_1049,2,decline_rate,0.0,-0.155293
CUST_1049,3,num_unique_counterparties,7.0,-0.134359
CUST_1051,1,num_international_transactions,0.0,-0.326011
CUST_1051,2,avg_inflow,9237.223333,-0.183282
CUST_1051,3,decline_rate,0.026667,-0.122555
CUST_1054,1,num_international_transactions,1.0,-0.249139
CUST_1054,2,num_unique_counterparties,8.0,-0.144057
CUST_1054,3,num_unique_counterparties_6m,4.9484,-0.108904
CUST_1055,1,num_international_transactions,48.0,0.341785
CUST_1055,2,top_counterparty_share,0.511364,-0.193558
CUST_1055,3,total_transactions,108.0,-0.183999
CUST_1056,1,num_international_transactions,0.0,-0.501329
CUST_1056,2,declined_volume,227.29,-0.102646
CUST_1056,3,volume_deviation_ratio,-0.211046,-0.078706
CUST_1058,1,num_international_transactions,0.0,-0.268172
CUST_1058,2,num_unique_counterparties,5.0,-0.126438
CUST_1058,3,decline_rate,0.00641,-0.084988
CUST_1064,1,transaction_time_entropy,2.2272,-0.292251
CUST_1064,2,num_unique_counterparties,9.0,-0.231046
CUST_1064,3,volume_deviation_ratio,-0.11712,-0.128084
CUST_1065,1,num_unique_counterparties,8.0,-0.282095
CUST_1065,2,num_international_transactions,0.0,-0.275182
CUST_1065,3,transaction_time_entropy,2.4526,-0.110229
CUST_1067,1,num_international_transactions,0.0,-0.274043
CUST_1067,2,num_unique_counterparties,9.0,-0.131707
CUST_1067,3,decline_rate,0.0,-0.085232
CUST_1070,1,num_international_transactions,1.0,-0.321045
CUST_1070,2,avg_inflow,10145.526667,-0.183864
CUST_1070,3,declined_count,7.0,0.159414
CUST_1071,1,num_international_transactions,1.0,-0.233047
CUST_1071,2,num_unique_counterparties,7.0,-0.136857
CUST_1071,3,volume_deviation_ratio,-0.116845,-0.088513
CUST_1072,1,num_international_transactions,0.0,-0.39455
CUST_1072,2,num_unique_counterparties,9.0,-0.136905
CUST_1072,3,num_unique_counterparties_6m,5.5766,-0.069865
CUST_1073,1,avg_outflow,252.654,-0.267
CUST_1073,2,num_international_transactions,3.0,0.156396
CUST_1073,3,num_unique_counterparties,9.0,-0.139288
CUST_1075,1,num_unique_counterparties,7.0,-0.269815
CUST_1075,2,num_international_transactions,0.0,-0.237888
CUST_1075,3,num_unique_counterparties_6m,6.5445,-0.108904
CUST_1077,1,num_unique_counterparties,9.0,-0.211444
CUST_1077,2,num_international_transactions,22.0,0.187081
CUST_1077,3,transaction_time_entropy,2.3633,-0.149402
CUST_1080,1,num_international_transactions,0.0,-0.402948
CUST_1080,2,num_unique_counterparties,5.0,-0.194166
CUST_1080,3,pct_international_transactions,0.0,-0.075282
CUST_1083,1,num_international_transactions,0.0,-0.213461
CUST_1083,2,num_unique_counterparties,7.0,-0.139269
CUST_1083,3,decline_rate,0.0,-0.087644
CUST_1084,1,num_international_transactions,0.0,-0.438332
CUST_1084,2,decline_rate,0.0,-0.140454
CUST_1084,3,declined_volume,0.0,-0.106728
CUST_1087,1,num_international_transactions,6.0,0.291574
CUST_1087,2,avg_outflow,204.318,-0.198888
CUST_1087,3,avg_corruption_index,71.166667,-0.140906
CUST_1088,1,num_international_transactions,1.0,-0.381565
CUST_1088,2,volume_change_ratio,0.720225,0.226675
CUST_1088,3,cash_transaction_count,4.0,-0.125571
CUST_1090,1,num_international_transactions,0.0,-0.239985
CUST_1090,2,num_unique_counterparties,8.0,-0.161963
CUST_1090,3,num_unique_counterparties_6m,7.5618,-0.074223
CUST_1092,1,num_international_transactions,0.0,-0.417376
CUST_1092,2,num_unique_counterparties,9.0,-0.193673
CUST_1092,3,pct_international_transactions,0.0,-0.071204
CUST_1097,1,transaction_time_entropy,2.4172,-0.223971
CUST_1097,2,num_international_transactions,8.0,0.193576
CUST_1097,3,declined_volume,68.0,-0.171768
CUST_1098,1,num_international_transactions,0.0,-0.422652
CUST_1098,2,decline_rate,0.005102,-0.143801
CUST_1098,3,count_deviation_ratio,0.008247,-0.073783
CUST_1099,1,num_international_transactions,1.0,-0.438483
CUST_1099,2,decline_rate,0.0,-0.127415
CUST_1099,3,volume_deviation_ratio,0.226286,-0.107723
CUST_1100,1,num_international_transactions,0.0,-0.257282
CUST_1100,2,num_unique_counterparties,6.0,-0.191261
CUST_1100,3,num_unique_counterparties_6m,4.8768,-0.108904
CUST_1101,1,num_international_transactions,0.0,-0.269083
CUST_1101,2,num_unique_counterparties,19.0,0.127195
CUST_1101,3,transaction_time_entropy,1.9965,-0.118352
CUST_1103,1,num_international_transactions,1.0,-0.301519
CUST_1103,2,num_unique_counterparties_6m,6.5005,-0.113262
CUST_1103,3,avg_inflow,14505.9,-0.088169
CUST_1106,1,num_international_transactions,0.0,-0.275689
CUST_1106,2,transaction_time_entropy,2.3821,-0.110229
CUST_1106,3,num_unique_counterparties_6m,7.4263,-0.108904
CUST_1107,1,num_international_transactions,0.0,-0.24378
CUST_1107,2,num_unique_counterparties,9.0,-0.172179
CUST_1107,3,num_unique_counterparties_6m,7.425,-0.108141
CUST_1110,1,num_international_transactions,0.0,-0.330961
CUST_1110,2,transaction_time_entropy,2.509,-0.129251
CUST_1110,3,declined_volume,179.16,-0.100483
CUST_1111,1,avg_outflow,4013.65,-0.215283
CUST_1111,2,max_transaction_amount,8953.3,-0.158186
CUST_1111,3,num_unique_counterparties,7.0,-0.132026
CUST_1114,1,num_international_transactions,1.0,-0.352883
CUST_1114,2,transaction_time_entropy,2.3054,-0.116823
CUST_1114,3,volume_deviation_ratio,-0.01544,-0.111188
CUST_1115,1,num_international_transactions,0.0,-0.195345
CUST_1115,2,num_unique_counterparties,7.0,-0.139269
CUST_1115,3,transaction_time_entropy,2.2162,-0.084132
CUST_1120,1,num_international_transactions,0.0,-0.246358
CUST_1120,2,num_unique_counterparties,8.0,-0.148579
CUST_1120,3,avg_outflow,4403.9175,-0.07082
CUST_1121,1,num_international_transactions,0.0,-0.366488
CUST_1121,2,decline_rate,0.012195,-0.165866
CUST_1121,3,transaction_time_entropy,2.5232,-0.116823
CUST_1122,1,num_international_transactions,1.0,-0.456764
CUST_1122,2,volume_change_ratio,72.661133,0.216251
CUST_1122,3,volume_deviation_ratio,79.812086,0.198644
CUST_1123,1,num_international_transactions,1.0,-0.403847
CUST_1123,2,decline_rate,0.013699,-0.133899
CUST_1123,3,transaction_time_entropy,2.5152,-0.129251
CUST_1125,1,num_unique_counterparties,7.0,-0.227691
CUST_1125,2,num_international_transactions,0.0,-0.189795
CUST_1125,3,num_unique_counterparties_6m,4.5495,-0.080648
CUST_1128,1,num_international_transactions,0.0,-0.240606
CUST_1128,2,num_unique_counterparties,9.0,-0.147455
CUST_1128,3,decline_rate,0.0,-0.084385
CUST_1130,1,num_international_transactions,0.0,-0.467716
CUST_1130,2,num_unique_counterparties,8.0,-0.139269
CUST_1130,3,num_unique_counterparties_6m,4.3186,-0.099901
CUST_1131,1,num_international_transactions,0.0,-0.274415
CUST_1131,2,num_unique_counterparties,5.0,-0.149866
CUST_1131,3,transaction_time_entropy,2.5022,-0.116823
CUST_1132,1,num_international_transactions,0.0,-0.325217
CUST_1132,2,num_unique_counterparties,7.0,-0.144956
CUST_1132,3,num_unique_counterparties_6m,6.0913,-0.089975
CUST_1134,1,num_unique_counterparties,9.0,-0.313983
CUST_1134,2,num_international_transactions,1.0,-0.26757
CUST_1134,3,num_unique_counterparties_6m,7.9912,-0.113262
CUST_1141,1,num_international_transactions,6.0,0.173801
CUST_1141,2,transaction_time_entropy,2.3607,-0.163901
CUST_1141,3,volume_deviation_ratio,0.02262,-0.150895
CUST_1144,1,num_international_transactions,0.0,-0.277079
CUST_1144,2,num_unique_counterparties,7.0,-0.136905
CUST_1144,3,transaction_time_entropy,2.328,-0.116823
CUST_1146,1,avg_outflow,356.14,-0.198473
CUST_1146,2,declined_volume,129.0,-0.196916
CUST_1146,3,decline_rate,0.019231,-0.130968
CUST_1152,1,num_international_transactions,0.0,-0.266376
CUST_1152,2,num_unique_counterparties,8.0,-0.141535
CUST_1152,3,transaction_time_entropy,2.5211,-0.12583
CUST_1153,1,num_international_transactions,0.0,-0.250716
CUST_1153,2,num_unique_counterparties,6.0,-0.136905
CUST_1153,3,num_unique_counterparties_6m,3.9437,-0.074223
CUST_1154,1,num_international_transactions,0.0,-0.21695
CUST_1154,2,num_unique_counterparties,5.0,-0.136857
CUST_1154,3,num_unique_counterparties_6m,3.0457,-0.085006
CUST_1155,1,num_international_transactions,0.0,-0.378192
CUST_1155,2,transaction_time_entropy,1.9412,-0.129251
CUST_1155,3,decline_rate,0.0,-0.127415
CUST_1156,1,num_international_transactions,0.0,-0.359264
CUST_1156,2,transaction_time_entropy,2.1272,-0.116823
CUST_1156,3,decline_rate,0.013333,-0.113842
CUST_1159,1,avg_outflow,1759.073333,-0.242369
CUST_1159,2,decline_rate,0.0,-0.201815
CUST_1159,3,cash_volume,0.0,-0.160516
CUST_1163,1,num_international_transactions,1.0,-0.454311
CUST_1163,2,volume_deviation_ratio,0.328851,-0.102977
CUST_1163,3,num_unique_counterparties,12.0,0.075142
CUST_1164,1,num_international_transactions,1.0,-0.284706
CUST_1164,2,num_unique_counterparties,4.0,-0.142544
CUST_1164,3,volume_deviation_ratio,0.243715,-0.092871
CUST_1175,1,num_international_transactions,13.0,0.30221
CUST_1175,2,cash_volume,0.0,-0.188112
CUST_1175,3,avg_outflow,369.86,-0.131655
CUST_1176,1,num_international_transactions,0.0,-0.251134
CUST_1176,2,num_unique_counterparties,7.0,-0.139269
CUST_1176,3,num_unique_counterparties_6m,2.8172,-0.079509
CUST_1178,1,num_international_transactions,0.0,-0.399745
CUST_1178,2,num_unique_counterparties,9.0,-0.178927
CUST_1178,3,decline_rate,0.0,-0.079617
CUST_1179,1,num_international_transactions,0.0,-0.429512
CUST_1179,2,num_unique_counterparties,7.0,-0.141535
CUST_1179,3,pct_international_transactions,0.0,-0.075282
CUST_1180,1,avg_outflow,261.373333,-0.275312
CUST_1180,2,num_international_transactions,5.0,0.235515
CUST_1180,3,declined_volume,30.35,-0.171768
CUST_1181,1,num_international_transactions,0.0,-0.384788
CUST_1181,2,num_unique_counterparties,6.0,-0.177089
CUST_1181,3,num_unique_counterparties_6m,4.466,-0.13943
CUST_1182,1,num_international_transactions,1.0,-0.246485
CUST_1182,2,num_unique_counterparties,7.0,-0.136857
CUST_1182,3,avg_outflow,736.236667,-0.085634
CUST_1183,1,num_international_transactions,0.0,-0.247535
CUST_1183,2,num_unique_counterparties,7.0,-0.151078
CUST_1183,3,num_unique_counterparties_6m,4.2803,-0.108904
CUST_1184,1,transaction_time_entropy,2.4102,-0.35433
CUST_1184,2,volume_deviation_ratio,0.111559,-0.12504
CUST_1184,3,decline_rate,0.013514,-0.119063
CUST_1189,1,num_international_transactions,4.0,0.186274
CUST_1189,2,num_unique_counterparties,19.0,0.147787
CUST_1189,3,avg_outflow,4627.7825,0.117812
CUST_1193,1,transaction_time_entropy,2.4725,-0.151835
CUST_1193,2,num_unique_counterparties,7.0,-0.132026
CUST_1193,3,volume_deviation_ratio,-0.015761,-0.118797
CUST_1195,1,num_international_transactions,0.0,-0.46995
CUST_1195,2,decline_rate,0.0,-0.125358
CUST_1195,3,declined_volume,0.0,-0.091835
CUST_1198,1,num_international_transactions,1.0,-0.371486
CUST_1198,2,num_unique_counterparties,9.0,-0.149866
CUST_1198,3,volume_deviation_ratio,0.050459,-0.109875
